ID,BattingTeam,Innings,TotalScore,WicketsLost,WinProbabilityScore
598004,Royal Challengers Bangalore,2,15,0,9.0
548319,Pune Warriors,1,115,10,19.0
548353,Kolkata Knight Riders,1,150,5,65.0
598000,Pune Warriors,2,104,10,12.4
548336,Royal Challengers Bangalore,1,189,3,98.4
598063,Rajasthan Royals,2,152,7,56.2
548367,Royal Challengers Bangalore,1,171,6,72.6
548357,Kolkata Knight Riders,2,154,4,72.4
501250,Pune Warriors,2,137,4,62.2
548342,Delhi Daredevils,1,207,5,99.2
419120,Deccan Chargers,1,171,6,72.6
501261,Chennai Super Kings,1,152,5,66.2
501261,Kochi Tuskers Kerala,2,141,5,59.6
597998,Delhi Daredevils,1,128,10,26.8
501244,Royal Challengers Bangalore,1,205,6,93.0
419138,Mumbai Indians,1,178,5,81.8
419138,Deccan Chargers,2,115,10,19.0
548381,Chennai Super Kings,1,190,3,99.0
548378,Delhi Daredevils,2,144,8,46.4
548350,Royal Challengers Bangalore,1,158,5,69.8
548373,Deccan Chargers,2,128,5,51.8
501234,Kolkata Knight Riders,2,120,2,62.0
548363,Mumbai Indians,1,182,1,104.2
598026,Rajasthan Royals,1,185,4,91.0
598034,Chennai Super Kings,1,200,3,105.0
419132,Mumbai Indians,2,164,6,68.4
548311,Deccan Chargers,2,119,10,21.4
1082629,Rising Pune Supergiant,2,167,5,75.2
1136577,Chennai Super Kings,1,204,5,97.4
1082634,Sunrisers Hyderabad,2,136,9,36.6
1178404,Chennai Super Kings,2,162,5,72.2
1136601,Kolkata Knight Riders,2,108,10,14.8
598051,Sunrisers Hyderabad,2,146,8,47.6
419145,Royal Challengers Bangalore,1,184,6,80.4
419123,Royal Challengers Bangalore,1,171,5,77.6
548334,Kings XI Punjab,2,164,4,78.4
548335,Kolkata Knight Riders,2,127,5,51.2
548371,Kings XI Punjab,2,123,4,53.8
548336,Rajasthan Royals,2,143,7,50.8
548310,Delhi Daredevils,2,137,7,47.2
598017,Delhi Daredevils,1,152,5,66.2
501242,Kochi Tuskers Kerala,1,156,5,68.6
548317,Mumbai Indians,1,197,6,88.2
598016,Kings XI Punjab,1,157,9,49.2
419154,Rajasthan Royals,1,130,6,48.0
501250,Deccan Chargers,1,136,8,41.6
548316,Delhi Daredevils,2,111,2,56.6
598053,Pune Warriors,2,106,10,13.6
598030,Chennai Super Kings,2,160,5,71.0
548333,Delhi Daredevils,2,172,7,68.2
548380,Chennai Super Kings,1,222,5,108.2
501243,Deccan Chargers,1,175,5,80.0
419130,Mumbai Indians,1,172,7,68.2
501257,Delhi Daredevils,2,141,8,44.6
598041,Chennai Super Kings,1,186,4,91.6
501246,Delhi Daredevils,2,146,10,37.6
598023,Royal Challengers Bangalore,2,123,3,58.8
1178414,Royal Challengers Bangalore,1,161,7,61.6
1178394,Sunrisers Hyderabad,2,96,10,7.6
1082644,Kolkata Knight Riders,2,164,8,58.4
598007,Chennai Super Kings,2,139,0,83.4
548353,Pune Warriors,2,143,8,45.8
501239,Kolkata Knight Riders,1,169,4,81.4
598046,Chennai Super Kings,2,79,10,-2.6
548376,Deccan Chargers,1,132,7,44.2
419163,Deccan Chargers,2,104,10,12.4
548354,Rajasthan Royals,1,177,6,76.2
548327,Pune Warriors,1,182,6,79.2
598055,Pune Warriors,1,112,8,27.2
501248,Pune Warriors,2,120,5,47.0
548315,Royal Challengers Bangalore,2,123,9,28.8
548323,Kings XI Punjab,1,134,9,35.4
419125,Chennai Super Kings,1,180,2,98.0
501247,Kochi Tuskers Kerala,1,125,9,30.0
501210,Kochi Tuskers Kerala,2,184,2,100.4
419137,Chennai Super Kings,1,246,5,122.6
548351,Mumbai Indians,1,120,9,27.0
501235,Pune Warriors,1,143,7,50.8
598050,Mumbai Indians,1,170,6,72.0
598057,Royal Challengers Bangalore,1,115,9,24.0
501238,Kochi Tuskers Kerala,2,141,3,69.6
419113,Kolkata Knight Riders,2,109,10,15.4
419155,Delhi Daredevils,2,113,4,47.8
598020,Chennai Super Kings,1,169,4,81.4
419140,Delhi Daredevils,1,184,5,85.4
548358,Rajasthan Royals,2,126,3,60.6
1082639,Kings XI Punjab,1,167,6,70.2
1136597,Kolkata Knight Riders,2,168,6,70.8
1178393,Kings XI Punjab,2,138,5,57.8
1178394,Mumbai Indians,1,136,7,46.6
598013,Kolkata Knight Riders,1,180,4,88.0
419144,Delhi Daredevils,2,167,8,60.2
501221,Chennai Super Kings,2,156,9,48.6
598052,Rajasthan Royals,2,147,2,78.2
501264,Deccan Chargers,1,198,2,108.8
501233,Delhi Daredevils,1,157,7,59.2
598017,Royal Challengers Bangalore,2,167,7,65.2
598056,Sunrisers Hyderabad,1,150,7,55.0
501265,Delhi Daredevils,1,56,3,18.6
598038,Chennai Super Kings,1,164,3,83.4
501256,Deccan Chargers,1,135,6,51.0
548362,Royal Challengers Bangalore,1,173,3,88.8
598003,Pune Warriors,1,99,9,14.4
598055,Mumbai Indians,2,116,5,44.6
419147,Chennai Super Kings,1,138,8,42.8
548318,Chennai Super Kings,2,208,5,99.8
501210,Mumbai Indians,1,182,2,99.2
419130,Deccan Chargers,2,131,10,28.6
419124,Rajasthan Royals,1,183,5,84.8
501253,Delhi Daredevils,2,158,6,64.8
548368,Kolkata Knight Riders,1,158,6,64.8
598039,Sunrisers Hyderabad,2,130,3,63.0
548349,Delhi Daredevils,2,144,4,66.4
419135,Deccan Chargers,2,157,5,69.2
501255,Kolkata Knight Riders,1,89,4,33.4
598018,Pune Warriors,2,108,10,14.8
501234,Kings XI Punjab,1,119,6,41.4
501231,Rajasthan Royals,2,95,3,42.0
419116,Delhi Daredevils,1,185,6,81.0
598028,Kings XI Punjab,1,171,4,82.6
1082649,Kolkata Knight Riders,1,107,10,14.2
1082629,Gujarat Lions,1,161,10,46.6
1136611,Sunrisers Hyderabad,2,204,3,107.4
1136571,Royal Challengers Bangalore,2,198,6,88.8
1082615,Sunrisers Hyderabad,1,176,3,90.6
548325,Delhi Daredevils,2,93,3,40.8
419119,Mumbai Indians,1,151,9,45.6
419119,Royal Challengers Bangalore,2,155,3,78.0
598013,Sunrisers Hyderabad,2,132,7,44.2
501271,Royal Challengers Bangalore,2,147,8,48.2
598016,Kolkata Knight Riders,2,153,9,46.8
419152,Mumbai Indians,1,183,4,89.8
598036,Royal Challengers Bangalore,1,171,6,72.6
501254,Kochi Tuskers Kerala,1,178,7,71.8
548360,Mumbai Indians,1,141,6,54.6
548360,Royal Challengers Bangalore,2,142,1,80.2
419151,Royal Challengers Bangalore,2,138,10,32.8
419147,Deccan Chargers,2,139,4,63.4
548314,Mumbai Indians,2,142,5,60.2
419120,Delhi Daredevils,2,161,9,51.6
548333,Pune Warriors,1,192,3,100.2
598048,Sunrisers Hyderabad,1,161,6,66.6
501232,Royal Challengers Bangalore,1,181,5,83.6
501232,Pune Warriors,2,155,5,68.0
548309,Kings XI Punjab,2,160,9,51.0
598014,Rajasthan Royals,2,126,4,55.6
548350,Kings XI Punjab,2,163,6,67.8
419131,Kolkata Knight Riders,2,137,9,37.2
598065,Sunrisers Hyderabad,1,136,9,36.6
598002,Chennai Super Kings,2,139,9,38.4
598019,Rajasthan Royals,1,179,3,92.4
598029,Mumbai Indians,2,162,5,72.2
419121,Chennai Super Kings,2,145,9,42.0
597999,Mumbai Indians,2,154,5,67.4
501218,Pune Warriors,1,118,10,20.8
1082630,Sunrisers Hyderabad,1,185,3,96.0
1136595,Royal Challengers Bangalore,1,127,9,31.2
1136595,Chennai Super Kings,2,128,4,56.8
1178430,Chennai Super Kings,1,170,5,77.0
1175357,Kolkata Knight Riders,2,183,4,89.8
548379,Mumbai Indians,2,149,9,44.4
419149,Kings XI Punjab,2,112,3,52.2
598044,Delhi Daredevils,1,80,10,-2.0
598000,Sunrisers Hyderabad,1,126,6,45.6
501201,Delhi Daredevils,1,95,10,7.0
598036,Rajasthan Royals,2,173,6,73.8
598045,Royal Challengers Bangalore,1,174,5,79.4
548345,Delhi Daredevils,1,152,6,61.2
598022,Kolkata Knight Riders,1,119,9,26.4
419165,Mumbai Indians,2,146,9,42.6
501223,Delhi Daredevils,1,231,4,118.6
598035,Delhi Daredevils,1,164,5,73.4
548308,Pune Warriors,1,129,9,32.4
419106,Deccan Chargers,2,150,7,55.0
548381,Kolkata Knight Riders,2,192,5,90.2
598039,Mumbai Indians,1,129,4,57.4
598068,Chennai Super Kings,2,82,6,19.2
419143,Kings XI Punjab,1,153,6,61.8
419135,Kolkata Knight Riders,1,181,6,78.6
419112,Royal Challengers Bangalore,2,204,2,112.4
598072,Mumbai Indians,2,169,6,71.4
548306,Chennai Super Kings,1,112,10,17.2
419116,Chennai Super Kings,2,190,5,89.0
419132,Kings XI Punjab,1,163,10,47.8
598023,Rajasthan Royals,1,117,10,20.2
419140,Royal Challengers Bangalore,2,147,9,43.2
501259,Deccan Chargers,2,138,4,62.8
1082649,Mumbai Indians,2,111,4,46.6
1136574,Royal Challengers Bangalore,2,167,8,60.2
1082634,Rising Pune Supergiant,1,148,8,48.8
548335,Deccan Chargers,1,126,7,40.6
548369,Delhi Daredevils,2,140,5,59.0
598009,Rajasthan Royals,1,145,5,62.0
501242,Kolkata Knight Riders,2,139,7,48.4
598056,Kings XI Punjab,2,120,9,27.0
501208,Deccan Chargers,1,175,5,80.0
501208,Royal Challengers Bangalore,2,142,9,40.2
598040,Kolkata Knight Riders,1,136,7,46.6
501245,Chennai Super Kings,1,114,4,48.4
598032,Rajasthan Royals,2,146,2,77.6
501254,Kings XI Punjab,2,181,4,88.6
548357,Delhi Daredevils,1,153,9,46.8
548329,Delhi Daredevils,2,193,1,110.8
548366,Kings XI Punjab,2,194,6,86.4
419157,Mumbai Indians,1,191,4,94.6
501262,Pune Warriors,1,118,7,35.8
548312,Kolkata Knight Riders,2,142,10,35.2
598003,Kings XI Punjab,2,100,2,50.0
419165,Chennai Super Kings,1,168,5,75.8
501248,Kings XI Punjab,1,119,8,31.4
548342,Mumbai Indians,2,170,9,57.0
419142,Chennai Super Kings,1,165,4,79.0
548308,Mumbai Indians,2,101,9,15.6
501247,Royal Challengers Bangalore,2,128,1,71.8
598033,Royal Challengers Bangalore,2,136,7,46.6
501216,Deccan Chargers,1,168,4,80.8
548368,Chennai Super Kings,2,160,5,71.0
501202,Kings XI Punjab,1,112,8,27.2
548349,Rajasthan Royals,1,141,6,54.6
501255,Royal Challengers Bangalore,2,105,6,33.0
548343,Chennai Super Kings,2,149,8,49.4
419109,Royal Challengers Bangalore,1,135,7,46.0
501231,Mumbai Indians,1,94,8,16.4
419118,Kolkata Knight Riders,2,134,5,55.4
598049,Delhi Daredevils,1,154,4,72.4
598025,Pune Warriors,1,185,4,91.0
501230,Delhi Daredevils,2,131,9,33.6
1136599,Sunrisers Hyderabad,1,146,10,37.6
1178430,Kings XI Punjab,2,173,4,83.8
1178414,Chennai Super Kings,2,160,8,56.0
1136561,Chennai Super Kings,2,169,9,56.4
1178404,Kolkata Knight Riders,1,161,8,56.6
419145,Deccan Chargers,2,186,3,96.6
548328,Kolkata Knight Riders,2,127,2,66.2
501221,Mumbai Indians,1,164,4,78.4
598061,Pune Warriors,1,170,4,82.0
501206,Kings XI Punjab,2,193,4,95.8
501233,Kochi Tuskers Kerala,2,119,10,21.4
501227,Royal Challengers Bangalore,2,161,7,61.6
501201,Mumbai Indians,2,99,2,49.4
501266,Royal Challengers Bangalore,2,129,2,67.4
598038,Pune Warriors,2,127,9,31.2
501256,Mumbai Indians,2,125,8,35.0
419114,Mumbai Indians,1,218,7,95.8
548345,Rajasthan Royals,2,151,3,75.6
419154,Royal Challengers Bangalore,2,132,5,54.2
419126,Rajasthan Royals,2,151,2,80.6
548364,Delhi Daredevils,1,114,5,43.4
501200,Kochi Tuskers Kerala,1,161,5,71.6
598048,Royal Challengers Bangalore,2,162,3,82.2
598064,Kings XI Punjab,2,194,4,96.4
501202,Pune Warriors,2,113,3,52.8
419158,Kolkata Knight Riders,2,133,2,69.8
598059,Delhi Daredevils,1,120,7,37.0
419112,Kings XI Punjab,1,203,3,106.8
598065,Rajasthan Royals,2,113,9,22.8
501270,Mumbai Indians,2,142,8,45.2
548339,Kings XI Punjab,1,168,3,85.8
548322,Chennai Super Kings,1,155,5,68.0
548377,Rajasthan Royals,1,162,6,67.2
598070,Mumbai Indians,2,144,10,36.4
598049,Rajasthan Royals,2,155,1,88.0
548365,Rajasthan Royals,1,170,4,82.0
548365,Pune Warriors,2,125,9,30.0
501230,Kolkata Knight Riders,1,148,7,53.8
1136583,Sunrisers Hyderabad,1,118,10,20.8
1178422,Mumbai Indians,2,198,7,83.8
1136618,Kolkata Knight Riders,1,169,7,66.4
1082644,Mumbai Indians,1,173,5,78.8
501226,Pune Warriors,2,117,9,25.2
598052,Kings XI Punjab,1,145,6,57.0
598058,Rajasthan Royals,2,144,5,61.4
548334,Mumbai Indians,1,163,6,67.8
501271,Chennai Super Kings,1,205,5,98.0
598015,Chennai Super Kings,2,135,8,41.0
598066,Mumbai Indians,2,133,9,34.8
598043,Kolkata Knight Riders,2,133,2,69.8
419156,Deccan Chargers,2,178,5,81.8
598063,Mumbai Indians,1,166,8,59.6
419139,Kings XI Punjab,2,204,2,112.4
548321,Delhi Daredevils,2,162,5,72.2
419151,Deccan Chargers,1,151,6,60.6
501207,Pune Warriors,2,151,6,60.6
598022,Chennai Super Kings,2,124,6,44.4
548314,Deccan Chargers,1,138,9,37.8
598053,Kolkata Knight Riders,1,152,6,61.2
597998,Kolkata Knight Riders,2,129,4,57.4
501219,Kolkata Knight Riders,2,126,9,30.6
501216,Delhi Daredevils,2,152,7,56.2
419124,Kings XI Punjab,2,152,10,41.2
548326,Deccan Chargers,1,196,2,107.6
598047,Pune Warriors,1,178,4,86.8
419143,Rajasthan Royals,2,157,1,89.2
598014,Kings XI Punjab,1,124,10,24.4
501257,Kings XI Punjab,1,170,6,72.0
501270,Royal Challengers Bangalore,1,185,4,91.0
548339,Mumbai Indians,2,171,6,72.6
501241,Mumbai Indians,1,160,7,61.0
501263,Rajasthan Royals,2,134,0,80.4
548363,Kolkata Knight Riders,2,155,4,73.0
501218,Mumbai Indians,2,124,3,59.4
1082592,Rising Pune Supergiant,2,187,3,97.2
1082621,Royal Challengers Bangalore,1,134,10,30.4
1082614,Mumbai Indians,1,142,8,45.2
1136577,Rajasthan Royals,2,140,10,34.0
1175358,Mumbai Indians,2,176,9,60.6
1178398,Kolkata Knight Riders,1,108,9,19.8
598007,Kings XI Punjab,1,138,10,32.8
598069,Sunrisers Hyderabad,2,132,5,54.2
598008,Kolkata Knight Riders,1,154,8,52.4
548356,Deccan Chargers,1,181,2,98.6
548367,Mumbai Indians,2,173,5,78.8
598046,Mumbai Indians,1,139,5,58.4
548321,Deccan Chargers,1,157,8,54.2
419133,Royal Challengers Bangalore,1,161,4,76.6
598032,Sunrisers Hyderabad,1,144,9,41.4
548329,Deccan Chargers,1,187,4,92.2
548354,Kings XI Punjab,2,134,8,40.4
419153,Kolkata Knight Riders,1,139,8,43.4
501225,Kochi Tuskers Kerala,1,109,10,15.4
548380,Delhi Daredevils,2,136,10,31.6
548378,Kolkata Knight Riders,1,162,4,77.2
548343,Kings XI Punjab,1,156,8,53.6
598057,Kolkata Knight Riders,2,116,5,44.6
548307,Kolkata Knight Riders,1,97,9,13.2
501211,Chennai Super Kings,1,183,5,84.8
419111,Rajasthan Royals,1,141,6,54.6
598019,Mumbai Indians,2,92,10,5.2
548331,Royal Challengers Bangalore,2,166,5,74.6
598024,Mumbai Indians,1,161,4,76.6
598024,Delhi Daredevils,2,165,1,94.0
419148,Kolkata Knight Riders,1,160,9,51.0
419148,Royal Challengers Bangalore,2,162,3,82.2
598026,Chennai Super Kings,2,186,5,86.6
598011,Pune Warriors,2,142,8,45.2
1082607,Rising Pune Supergiant,1,161,8,56.6
1082615,Rising Pune Supergiant,2,179,4,87.4
1175367,Rajasthan Royals,2,167,8,60.2
1136615,Delhi Daredevils,1,174,4,84.4
598069,Kolkata Knight Riders,1,130,7,43.0
598044,Sunrisers Hyderabad,2,81,4,28.6
419156,Kings XI Punjab,1,174,3,89.4
501229,Deccan Chargers,1,129,7,42.4
548361,Rajasthan Royals,1,126,6,45.6
419163,Chennai Super Kings,1,142,7,50.2
548355,Mumbai Indians,2,174,8,64.4
548366,Deccan Chargers,1,190,4,94.0
548315,Kolkata Knight Riders,1,165,8,59.0
501236,Deccan Chargers,2,146,8,47.6
501225,Rajasthan Royals,2,111,2,56.6
598030,Sunrisers Hyderabad,1,159,6,65.4
598064,Royal Challengers Bangalore,1,190,3,99.0
548341,Pune Warriors,2,159,7,60.4
598047,Rajasthan Royals,2,182,5,84.2
419158,Rajasthan Royals,1,132,9,34.2
501237,Mumbai Indians,1,159,5,70.4
501209,Rajasthan Royals,1,159,4,75.4
419118,Rajasthan Royals,1,168,7,65.8
501205,Royal Challengers Bangalore,1,140,4,64.0
501205,Mumbai Indians,2,143,1,80.8
419155,Chennai Super Kings,1,112,9,22.2
419121,Kings XI Punjab,1,136,8,41.6
1136599,Royal Challengers Bangalore,2,141,6,54.6
1175367,Chennai Super Kings,1,175,5,80.0
1175358,Delhi Capitals,1,213,6,97.8
548328,Kings XI Punjab,1,124,7,39.4
598031,Kolkata Knight Riders,2,150,4,70.0
419136,Kings XI Punjab,1,181,5,83.6
419136,Royal Challengers Bangalore,2,184,4,90.4
548379,Chennai Super Kings,1,187,5,87.2
548369,Kings XI Punjab,1,136,8,41.6
598066,Kings XI Punjab,1,183,8,69.8
501252,Royal Challengers Bangalore,2,151,1,85.6
598009,Pune Warriors,2,148,3,73.8
501268,Royal Challengers Bangalore,1,175,4,85.0
419139,Kolkata Knight Riders,1,200,3,105.0
501213,Pune Warriors,1,187,5,87.2
548362,Pune Warriors,2,138,9,37.8
501245,Kolkata Knight Riders,2,61,2,26.6
548376,Royal Challengers Bangalore,2,123,9,28.8
548355,Chennai Super Kings,1,173,8,63.8
548364,Chennai Super Kings,2,115,1,64.0
598073,Chennai Super Kings,2,125,9,30.0
548316,Chennai Super Kings,1,110,8,26.0
501200,Royal Challengers Bangalore,2,162,4,77.2
598005,Kolkata Knight Riders,2,125,10,25.0
598027,Pune Warriors,2,133,9,34.8
598035,Pune Warriors,2,149,4,69.4
419142,Mumbai Indians,2,141,9,39.6
548370,Kolkata Knight Riders,1,140,7,49.0
548341,Deccan Chargers,1,177,4,86.2
419164,Deccan Chargers,1,82,10,-0.8
501269,Kolkata Knight Riders,1,147,7,53.2
548309,Rajasthan Royals,1,191,4,94.6
501249,Rajasthan Royals,2,133,10,29.8
501199,Rajasthan Royals,2,141,2,74.6
598068,Royal Challengers Bangalore,1,106,2,53.6
548326,Rajasthan Royals,2,197,5,93.2
598054,Royal Challengers Bangalore,1,183,4,89.8
548372,Royal Challengers Bangalore,1,215,1,124.0
548372,Delhi Daredevils,2,194,9,71.4
501209,Kolkata Knight Riders,2,160,1,91.0
598002,Mumbai Indians,1,148,6,58.8
548306,Mumbai Indians,2,115,3,54.0
419146,Mumbai Indians,1,154,9,47.4
419121,Kings XI Punjab,2,10,1,1.0
548347,Chennai Super Kings,1,139,5,58.4
598011,Mumbai Indians,1,183,3,94.8
548311,Chennai Super Kings,1,193,6,85.8
1136604,Kolkata Knight Riders,1,245,6,117.0
1082592,Mumbai Indians,1,184,8,70.4
1136597,Mumbai Indians,1,181,4,88.6
1136615,Mumbai Indians,2,163,10,47.8
1082596,Gujarat Lions,1,135,7,46.0
1175366,Sunrisers Hyderabad,1,231,2,128.6
598004,Sunrisers Hyderabad,2,150,7,55.0
598058,Chennai Super Kings,1,141,4,64.6
419149,Delhi Daredevils,1,111,10,16.6
419115,Rajasthan Royals,1,92,10,5.2
419115,Royal Challengers Bangalore,2,93,0,55.8
501252,Rajasthan Royals,1,146,6,57.6
501266,Chennai Super Kings,1,128,8,36.8
419128,Royal Challengers Bangalore,2,166,9,54.6
419133,Chennai Super Kings,2,162,5,72.2
501213,Delhi Daredevils,2,190,7,79.0
548327,Royal Challengers Bangalore,2,186,4,91.6
548312,Rajasthan Royals,1,164,5,73.4
419129,Chennai Super Kings,2,160,6,66.0
548318,Royal Challengers Bangalore,1,205,8,83.0
548370,Mumbai Indians,2,108,10,14.8
501240,Chennai Super Kings,2,149,2,79.4
419106,Kolkata Knight Riders,1,161,4,76.6
419162,Royal Challengers Bangalore,2,149,9,44.4
501269,Mumbai Indians,2,148,6,58.8
548320,Rajasthan Royals,1,131,5,53.6
548320,Kolkata Knight Riders,2,137,5,57.2
501243,Delhi Daredevils,2,179,6,77.4
548374,Kings XI Punjab,1,141,8,44.6
548374,Delhi Daredevils,2,145,4,67.0
501215,Kochi Tuskers Kerala,2,135,3,66.0
501238,Delhi Daredevils,1,140,6,54.0
598010,Delhi Daredevils,1,114,8,28.4
598010,Sunrisers Hyderabad,2,115,7,34.0
501267,Mumbai Indians,2,178,5,81.8
548337,Pune Warriors,1,146,2,77.6
598025,Kings XI Punjab,2,186,3,96.6
501246,Mumbai Indians,1,178,4,86.8
598020,Delhi Daredevils,2,83,10,-0.2
598034,Kolkata Knight Riders,2,186,4,91.6
1082621,Gujarat Lions,2,135,3,66.0
1178422,Kolkata Knight Riders,1,232,2,129.2
1136611,Royal Challengers Bangalore,1,218,6,100.8
1136571,Rajasthan Royals,1,217,4,110.2
1136618,Rajasthan Royals,2,144,4,66.4
1175366,Royal Challengers Bangalore,2,113,10,17.8
548325,Mumbai Indians,1,92,10,5.2
501226,Chennai Super Kings,1,142,6,55.2
598004,Royal Challengers Bangalore,1,130,8,38.0
501206,Chennai Super Kings,1,188,4,92.8
598067,Pune Warriors,1,172,5,78.2
419150,Mumbai Indians,1,174,5,79.4
548356,Royal Challengers Bangalore,2,185,5,86.0
501239,Deccan Chargers,2,149,6,59.4
419128,Delhi Daredevils,1,183,4,89.8
548317,Rajasthan Royals,2,170,10,52.0
598045,Kings XI Punjab,2,176,3,90.6
501229,Kochi Tuskers Kerala,2,74,10,-5.6
419153,Chennai Super Kings,2,143,1,80.8
419161,Mumbai Indians,1,133,8,39.8
419161,Kolkata Knight Riders,2,135,1,76.0
501240,Rajasthan Royals,1,147,6,58.2
419164,Royal Challengers Bangalore,2,86,1,46.6
501249,Chennai Super Kings,1,196,3,102.6
501215,Chennai Super Kings,1,131,4,58.6
598059,Kings XI Punjab,2,121,5,47.6
501258,Rajasthan Royals,1,97,10,8.2
501258,Kochi Tuskers Kerala,2,98,2,48.8
548330,Pune Warriors,2,151,7,55.6
419131,Delhi Daredevils,1,177,4,86.2
501237,Kings XI Punjab,2,136,8,41.6
548307,Delhi Daredevils,2,100,2,50.0
501211,Royal Challengers Bangalore,2,162,7,62.2
598072,Rajasthan Royals,1,165,6,69.0
419146,Kings XI Punjab,2,158,4,74.8
501198,Kolkata Knight Riders,2,151,7,55.6
548337,Delhi Daredevils,2,148,2,78.8
597999,Royal Challengers Bangalore,1,156,5,68.6
501228,Pune Warriors,1,141,6,54.6
1136604,Kings XI Punjab,2,214,8,88.4
1178393,Chennai Super Kings,1,160,3,81.0
1082596,Sunrisers Hyderabad,2,140,1,79.0
598031,Kings XI Punjab,1,149,6,59.4
419123,Chennai Super Kings,2,135,7,46.0
598012,Chennai Super Kings,2,166,6,69.6
548319,Kings XI Punjab,2,116,3,54.6
501227,Delhi Daredevils,1,160,6,66.0
548310,Royal Challengers Bangalore,1,157,8,54.2
501204,Delhi Daredevils,1,151,6,60.6
598017,Delhi Daredevils,2,11,2,-3.4
501268,Chennai Super Kings,2,177,4,86.2
501220,Kings XI Punjab,1,195,7,82.0
501220,Rajasthan Royals,2,147,7,53.2
548361,Chennai Super Kings,2,127,6,46.2
501203,Kolkata Knight Riders,1,163,4,77.8
598073,Mumbai Indians,1,148,9,43.8
501207,Kochi Tuskers Kerala,1,148,8,48.8
419129,Rajasthan Royals,1,177,8,66.2
598005,Rajasthan Royals,1,144,6,56.4
501236,Chennai Super Kings,1,165,5,74.0
419125,Mumbai Indians,2,181,5,83.6
501244,Kings XI Punjab,2,120,9,27.0
419162,Mumbai Indians,1,184,5,85.4
598033,Mumbai Indians,1,194,7,81.4
548351,Pune Warriors,2,119,6,41.4
501235,Rajasthan Royals,2,144,4,66.4
501251,Mumbai Indians,2,87,10,2.2
598050,Kolkata Knight Riders,2,105,10,13.0
548330,Chennai Super Kings,1,164,5,73.4
548373,Rajasthan Royals,1,126,8,35.6
419113,Chennai Super Kings,1,164,3,83.4
419109,Kolkata Knight Riders,2,136,3,66.6
419111,Delhi Daredevils,2,142,4,65.2
598051,Chennai Super Kings,1,223,3,118.8
548331,Kings XI Punjab,1,163,6,67.8
548322,Pune Warriors,2,156,3,78.6
501241,Pune Warriors,2,139,7,48.4
501198,Chennai Super Kings,1,153,4,71.8
598029,Kolkata Knight Riders,1,159,6,65.4
501263,Mumbai Indians,1,133,5,54.8
598021,Sunrisers Hyderabad,2,127,5,51.2
598028,Delhi Daredevils,2,164,7,63.4
1082614,Delhi Daredevils,2,128,7,41.8
1178411,Mumbai Indians,1,161,5,71.6
1178411,Rajasthan Royals,2,162,5,72.2
1136561,Mumbai Indians,1,165,4,79.0
1136601,Mumbai Indians,1,210,6,96.0
419144,Kolkata Knight Riders,1,181,3,93.6
598061,Kolkata Knight Riders,2,163,7,62.8
598012,Royal Challengers Bangalore,1,165,6,69.0
501264,Kings XI Punjab,2,116,10,19.6
598067,Delhi Daredevils,2,134,9,35.4
598015,Pune Warriors,1,159,5,70.4
419150,Rajasthan Royals,2,137,8,42.2
598008,Royal Challengers Bangalore,2,158,2,84.8
548371,Chennai Super Kings,1,120,7,37.0
598043,Rajasthan Royals,1,132,6,49.2
501204,Rajasthan Royals,2,152,4,71.2
419114,Delhi Daredevils,2,120,9,27.0
419152,Delhi Daredevils,2,144,7,51.4
501203,Deccan Chargers,2,154,8,52.4
419126,Deccan Chargers,1,148,9,43.8
419157,Royal Challengers Bangalore,2,134,9,35.4
501262,Kolkata Knight Riders,2,119,3,56.4
548323,Kolkata Knight Riders,2,132,7,44.2
501223,Kings XI Punjab,2,202,6,91.2
598027,Royal Challengers Bangalore,1,263,5,132.8
598042,Royal Challengers Bangalore,1,187,3,97.2
598042,Pune Warriors,2,170,9,57.0
501219,Kochi Tuskers Kerala,1,132,7,44.2
501253,Chennai Super Kings,1,176,4,85.6
501199,Deccan Chargers,1,137,8,42.2
419137,Rajasthan Royals,2,223,5,108.8
598054,Delhi Daredevils,2,179,7,72.4
501251,Kings XI Punjab,1,163,8,57.8
598018,Sunrisers Hyderabad,1,119,8,31.4
598006,Mumbai Indians,1,209,5,100.4
598006,Delhi Daredevils,2,165,9,54.0
501267,Kolkata Knight Riders,1,175,7,70.0
598041,Kings XI Punjab,2,171,6,72.6
548377,Mumbai Indians,2,163,0,97.8
598070,Chennai Super Kings,1,192,1,110.2
598021,Kings XI Punjab,1,123,9,28.8
548347,Kolkata Knight Riders,2,140,5,59.0
501228,Chennai Super Kings,2,145,2,77.0
548358,Pune Warriors,1,125,6,45.0
501259,Pune Warriors,1,136,9,36.6
1082630,Delhi Daredevils,2,189,4,93.4
1136574,Mumbai Indians,1,213,6,97.8
1136583,Mumbai Indians,2,87,10,2.2
1082607,Royal Challengers Bangalore,2,134,9,35.4
1082639,Kolkata Knight Riders,2,153,6,61.8
1175357,Sunrisers Hyderabad,1,181,3,93.6
1178398,Chennai Super Kings,2,111,3,51.6
1181766,Sunrisers Hyderabad,1,162,8,57.2
1181766,Delhi Capitals,2,165,8,59.0
1178400,Rajasthan Royals,1,151,7,55.6
1082632,Gujarat Lions,1,208,7,89.8
1082618,Mumbai Indians,2,157,8,54.2
1136586,Kolkata Knight Riders,2,164,9,53.4
1082624,Royal Challengers Bangalore,2,96,9,12.6
1473504,Chennai Super Kings,1,230,5,113.0
1422138,Delhi Capitals,2,205,8,83.0
1473510,Mumbai Indians,1,203,6,91.8
1426283,Royal Challengers Bengaluru,2,206,1,118.6
1422137,Rajasthan Royals,2,189,4,93.4
501224,Deccan Chargers,2,135,8,41.0
1178412,Delhi Capitals,2,166,5,74.6
1175365,Kolkata Knight Riders,2,7,1,-0.8
1359513,Gujarat Titans,2,180,3,93.0
1304083,Lucknow Super Giants,1,168,6,70.8
1304070,Gujarat Titans,1,192,4,95.2
1359493,Sunrisers Hyderabad,1,228,4,116.8
1304094,Punjab Kings,2,145,2,77.0
1304074,Sunrisers Hyderabad,2,152,3,76.2
1304109,Lucknow Super Giants,2,154,8,52.4
1304056,Delhi Capitals,2,157,9,49.2
1178407,Kings XI Punjab,1,182,6,79.2
1178407,Rajasthan Royals,2,170,7,67.0
1175363,Rajasthan Royals,1,198,2,108.8
1082594,Rising Pune Supergiant,1,163,6,67.8
1473483,Delhi Capitals,1,162,8,57.2
1473478,Sunrisers Hyderabad,1,143,8,45.8
1422128,Royal Challengers Bengaluru,1,182,6,79.2
1422128,Kolkata Knight Riders,2,186,3,96.6
1473491,Lucknow Super Giants,2,199,7,84.4
1426273,Sunrisers Hyderabad,1,266,7,124.6
1473510,Punjab Kings,2,207,5,99.2
548332,Rajasthan Royals,1,146,4,67.6
548348,Pune Warriors,2,173,5,78.8
501212,Deccan Chargers,1,165,8,59.0
1178399,Mumbai Indians,2,198,7,83.8
1304107,Sunrisers Hyderabad,2,123,8,33.8
1359540,Punjab Kings,1,187,5,87.2
1370352,Gujarat Titans,1,233,3,124.8
1359526,Rajasthan Royals,1,214,2,118.4
1136584,Chennai Super Kings,2,207,5,99.2
1178426,Mumbai Indians,1,162,5,72.2
1178416,Sunrisers Hyderabad,1,175,3,90.0
1175370,Mumbai Indians,1,170,5,77.0
1136613,Royal Challengers Bangalore,2,134,10,30.4
1175361,Kolkata Knight Riders,1,218,4,110.8
1082618,Rising Pune Supergiant,1,160,6,66.0
1136586,Delhi Daredevils,1,219,4,111.4
1426307,Sunrisers Hyderabad,2,215,6,99.0
1422124,Punjab Kings,1,176,6,75.6
1422124,Royal Challengers Bengaluru,2,178,6,76.8
1426296,Royal Challengers Bengaluru,1,241,7,109.6
1426263,Mumbai Indians,2,199,3,104.4
548352,Chennai Super Kings,1,160,6,66.0
419107,Rajasthan Royals,2,208,7,89.8
548375,Pune Warriors,2,102,8,21.2
548359,Deccan Chargers,2,145,8,47.0
1082606,Mumbai Indians,2,177,4,86.2
1175369,Rajasthan Royals,2,164,3,83.4
1082613,Kolkata Knight Riders,1,187,5,87.2
1304099,Lucknow Super Giants,1,176,7,70.6
1304052,Kolkata Knight Riders,1,128,10,26.8
1304115,Mumbai Indians,2,160,5,71.0
1359501,Punjab Kings,2,150,10,40.0
1359512,Punjab Kings,2,201,10,70.6
1304054,Kolkata Knight Riders,2,141,4,64.6
1370352,Mumbai Indians,2,171,10,52.6
1359515,Punjab Kings,2,201,6,90.6
1136572,Chennai Super Kings,2,193,5,90.8
1175364,Mumbai Indians,1,176,7,70.6
1082625,Gujarat Lions,1,153,9,46.8
1082625,Gujarat Lions,2,6,0,3.6
1136567,Sunrisers Hyderabad,2,151,9,45.6
1082624,Rising Pune Supergiant,1,157,3,79.2
1426261,Sunrisers Hyderabad,1,182,9,64.2
1426294,Delhi Capitals,1,221,8,92.6
1426294,Rajasthan Royals,2,201,8,80.6
1422121,Kolkata Knight Riders,1,208,7,89.8
1426282,Rajasthan Royals,2,199,3,104.4
501224,Mumbai Indians,1,172,4,83.2
548346,Mumbai Indians,2,101,5,35.6
1178412,Kings XI Punjab,1,163,7,62.8
1178428,Delhi Capitals,2,121,5,47.6
1136587,Chennai Super Kings,1,169,5,76.4
1178425,Delhi Capitals,2,99,10,9.4
1082610,Royal Challengers Bangalore,1,213,2,117.8
1082612,Kings XI Punjab,1,198,4,98.8
1304051,Rajasthan Royals,1,210,6,96.0
1304052,Royal Challengers Bangalore,2,132,7,44.2
1359506,Rajasthan Royals,2,182,6,79.2
1304080,Delhi Capitals,2,207,8,84.2
1359481,Gujarat Titans,2,163,4,77.8
1359502,Kolkata Knight Riders,1,127,10,26.2
1359502,Delhi Capitals,2,128,6,46.8
1304089,Royal Challengers Bangalore,1,170,6,72.0
1359531,Gujarat Titans,2,191,8,74.6
1175364,Kings XI Punjab,2,177,2,96.2
1178421,Royal Challengers Bangalore,2,171,7,67.6
1136600,Kings XI Punjab,2,143,7,50.8
1136570,Kolkata Knight Riders,1,138,8,42.8
1473483,Royal Challengers Bengaluru,2,165,4,79.0
1426307,Punjab Kings,1,214,5,103.4
1426309,Sunrisers Hyderabad,1,159,10,45.4
1473504,Gujarat Titans,2,147,10,38.2
1473438,Royal Challengers Bengaluru,2,177,3,91.2
1426288,Sunrisers Hyderabad,1,201,3,105.6
1473455,Punjab Kings,2,155,9,48.0
1426282,Lucknow Super Giants,1,196,5,92.6
548344,Kolkata Knight Riders,1,190,4,94.0
419110,Deccan Chargers,1,190,4,94.0
419110,Chennai Super Kings,2,159,9,50.4
501214,Kolkata Knight Riders,2,85,2,41.0
598060,Mumbai Indians,2,184,4,90.4
1178399,Kings XI Punjab,1,197,4,98.2
1304075,Gujarat Titans,2,170,7,67.0
1304076,Kolkata Knight Riders,2,210,10,76.0
1359493,Kolkata Knight Riders,2,205,7,88.0
1359514,Sunrisers Hyderabad,1,197,6,88.2
1304116,Punjab Kings,2,160,5,71.0
1304065,Kolkata Knight Riders,2,171,10,52.6
1359543,Sunrisers Hyderabad,1,200,5,95.0
1359543,Mumbai Indians,2,201,2,110.6
1359496,Kolkata Knight Riders,1,185,6,81.0
1178426,Sunrisers Hyderabad,2,170,8,62.0
1178421,Delhi Capitals,1,187,5,87.2
1136570,Sunrisers Hyderabad,2,139,5,58.4
1473456,Kolkata Knight Riders,2,234,7,105.4
548348,Deccan Chargers,1,186,4,91.6
419159,Kings XI Punjab,1,192,3,100.2
419117,Deccan Chargers,1,170,8,62.0
1181764,Chennai Super Kings,1,131,4,58.6
1082626,Kings XI Punjab,2,68,0,40.8
1136609,Kolkata Knight Riders,2,145,4,67.0
1082643,Gujarat Lions,1,154,10,42.4
1082643,Sunrisers Hyderabad,2,158,2,84.8
1082613,Gujarat Lions,2,188,6,82.8
1178425,Chennai Super Kings,1,179,4,87.4
1136588,Sunrisers Hyderabad,1,151,7,55.6
1304108,Chennai Super Kings,1,133,5,54.8
1304097,Gujarat Titans,2,172,5,78.2
1304070,Rajasthan Royals,2,155,9,48.0
1304068,Chennai Super Kings,1,216,4,109.6
1304109,Rajasthan Royals,1,178,6,76.8
1304096,Delhi Capitals,1,207,3,109.2
1359525,Gujarat Titans,1,227,2,126.2
1359496,Mumbai Indians,2,186,5,86.6
1136584,Royal Challengers Bangalore,1,205,8,83.0
1136564,Sunrisers Hyderabad,2,127,1,71.2
1178420,Rajasthan Royals,2,161,3,81.6
1082633,Royal Challengers Bangalore,2,119,10,21.4
1178431,Kolkata Knight Riders,1,133,7,44.8
1082597,Kolkata Knight Riders,1,178,7,71.8
1136580,Sunrisers Hyderabad,2,178,6,76.8
1426281,Mumbai Indians,2,247,9,103.2
1473446,Gujarat Titans,1,196,8,77.6
1473438,Kolkata Knight Riders,1,174,8,64.4
1422137,Royal Challengers Bengaluru,1,183,3,94.8
1422121,Sunrisers Hyderabad,2,204,7,87.4
419127,Kolkata Knight Riders,1,183,5,84.8
548324,Rajasthan Royals,1,195,2,107.0
501214,Rajasthan Royals,1,81,10,-1.4
1082637,Kings XI Punjab,1,189,3,98.4
1082650,Rising Pune Supergiant,2,128,6,46.8
1136609,Rajasthan Royals,1,142,10,35.2
1178402,Rajasthan Royals,2,188,6,82.8
1136585,Sunrisers Hyderabad,1,132,6,49.2
1304067,Sunrisers Hyderabad,2,168,3,85.8
1359544,Royal Challengers Bangalore,1,197,5,93.2
1359512,Lucknow Super Giants,1,257,5,129.2
1304116,Sunrisers Hyderabad,1,157,8,54.2
1359508,Sunrisers Hyderabad,2,137,6,52.2
1304081,Gujarat Titans,1,156,9,48.6
1304047,Kolkata Knight Riders,2,133,4,59.8
1181767,Chennai Super Kings,2,151,4,70.6
1082623,Kings XI Punjab,2,181,9,63.6
1178427,Kolkata Knight Riders,2,185,3,96.0
1422138,Mumbai Indians,1,234,5,115.4
1473455,Rajasthan Royals,1,205,4,103.0
419107,Mumbai Indians,1,212,7,92.2
548313,Kings XI Punjab,2,144,8,46.4
419122,Kolkata Knight Riders,1,155,3,78.0
501222,Royal Challengers Bangalore,2,175,1,100.0
1082608,Kolkata Knight Riders,2,169,6,71.4
1082606,Gujarat Lions,1,176,4,85.6
1136606,Sunrisers Hyderabad,1,179,4,87.4
1082604,Sunrisers Hyderabad,2,155,6,63.0
1181764,Mumbai Indians,2,132,4,59.2
1136620,Sunrisers Hyderabad,1,178,6,76.8
1175365,Kolkata Knight Riders,1,185,8,71.0
1304099,Kolkata Knight Riders,2,101,10,10.6
1359506,Royal Challengers Bangalore,1,189,9,68.4
1304115,Delhi Capitals,1,159,7,60.4
1359513,Kolkata Knight Riders,1,179,7,72.4
1304097,Mumbai Indians,1,177,6,76.2
1359508,Delhi Capitals,1,144,9,41.4
1359497,Rajasthan Royals,2,179,7,72.4
1304089,Gujarat Titans,2,174,4,84.4
1304102,Kolkata Knight Riders,1,165,9,54.0
1178420,Sunrisers Hyderabad,1,160,8,56.0
1082633,Kings XI Punjab,1,138,7,47.8
1175360,Delhi Capitals,1,147,6,58.2
1175360,Chennai Super Kings,2,150,4,70.0
1082648,Kolkata Knight Riders,2,48,3,13.8
1178415,Delhi Capitals,2,193,4,95.8
1473467,Lucknow Super Giants,1,166,7,64.6
1426281,Delhi Capitals,1,257,4,134.2
1426261,Punjab Kings,2,180,6,78.0
598040,Delhi Daredevils,2,137,3,67.2
598071,Sunrisers Hyderabad,1,132,7,44.2
419127,Kings XI Punjab,2,144,6,56.4
419141,Deccan Chargers,2,157,10,44.2
419108,Kings XI Punjab,1,142,9,40.2
548359,Kings XI Punjab,1,170,5,77.0
1136573,Kolkata Knight Riders,1,200,9,75.0
1178401,Delhi Capitals,2,180,3,93.0
1136607,Mumbai Indians,1,168,6,70.8
1304088,Lucknow Super Giants,1,153,8,51.8
1359538,Delhi Capitals,1,213,2,117.8
1304112,Lucknow Super Giants,1,210,0,126.0
1359481,Delhi Capitals,1,162,8,57.2
1359522,Rajasthan Royals,1,118,10,20.8
1304090,Mumbai Indians,2,161,5,71.6
1359525,Lucknow Super Giants,2,171,7,67.6
1178424,Rajasthan Royals,2,41,1,19.6
1181767,Delhi Capitals,1,147,9,43.2
1082632,Delhi Daredevils,2,214,3,113.4
1082623,Sunrisers Hyderabad,1,207,3,109.2
1473456,Lucknow Super Giants,1,238,3,127.8
1426268,Sunrisers Hyderabad,1,287,3,157.2
1473468,Punjab Kings,1,111,10,16.6
1473468,Kolkata Knight Riders,2,95,10,7.0
598037,Mumbai Indians,1,174,3,89.4
598037,Kings XI Punjab,2,170,10,52.0
548346,Deccan Chargers,1,100,10,10.0
1136578,Kolkata Knight Riders,1,191,7,79.6
1082608,Delhi Daredevils,1,168,7,65.8
1178408,Chennai Super Kings,1,132,5,54.2
1178406,Royal Challengers Bangalore,1,171,7,67.6
1178406,Mumbai Indians,2,172,5,78.2
1082626,Delhi Daredevils,1,67,10,-9.8
1136587,Mumbai Indians,2,170,2,92.0
1136607,Rajasthan Royals,2,171,3,87.6
1082636,Kolkata Knight Riders,2,159,4,75.4
1136588,Rajasthan Royals,2,140,6,54.0
1175365,Delhi Capitals,2,195,7,82.0
1304083,Mumbai Indians,2,132,8,39.2
1304073,Delhi Capitals,2,173,7,68.8
1304090,Rajasthan Royals,1,158,6,64.8
1359523,Chennai Super Kings,2,140,4,64.0
1304056,Gujarat Titans,1,171,6,72.6
1178416,Chennai Super Kings,2,176,4,85.6
1136617,Chennai Super Kings,2,140,8,44.0
1136600,Rajasthan Royals,1,158,8,54.8
1178415,Rajasthan Royals,1,191,6,84.6
1473491,Punjab Kings,1,236,5,116.6
1473506,Punjab Kings,2,187,3,97.2
419134,Rajasthan Royals,2,121,10,22.6
501260,Royal Challengers Bangalore,2,121,10,22.6
419117,Kings XI Punjab,2,164,8,58.4
598062,Delhi Daredevils,2,135,9,36.0
598001,Delhi Daredevils,2,160,6,66.0
1136578,Kings XI Punjab,2,126,1,70.6
1082637,Gujarat Lions,2,192,4,95.2
1082650,Mumbai Indians,1,129,8,37.4
1178401,Kolkata Knight Riders,1,178,7,71.8
1359520,Punjab Kings,1,214,3,113.4
1304067,Gujarat Titans,1,162,7,62.2
1359538,Punjab Kings,2,198,8,78.8
1359489,Royal Challengers Bangalore,1,212,2,117.2
1304094,Gujarat Titans,1,143,8,45.8
1304087,Kolkata Knight Riders,1,146,9,42.6
1304087,Delhi Capitals,2,150,6,60.0
1359515,Chennai Super Kings,1,200,4,100.0
1304103,Gujarat Titans,1,144,4,66.4
1304103,Lucknow Super Giants,2,82,10,-0.8
1304047,Chennai Super Kings,1,131,5,53.6
1304102,Mumbai Indians,2,113,10,17.8
1178400,Chennai Super Kings,2,155,6,63.0
1175361,Kings XI Punjab,2,190,4,94.0
1175363,Sunrisers Hyderabad,2,201,5,95.6
1082594,Kings XI Punjab,2,164,4,78.4
1178431,Mumbai Indians,2,134,1,75.4
1426309,Kolkata Knight Riders,2,164,2,88.4
1426288,Rajasthan Royals,2,200,7,85.0
419160,Delhi Daredevils,2,134,7,45.4
548332,Chennai Super Kings,2,147,3,73.2
501212,Kings XI Punjab,2,166,2,89.6
598060,Sunrisers Hyderabad,1,178,3,91.8
1082610,Gujarat Lions,2,192,7,80.2
1304076,Rajasthan Royals,1,217,5,105.2
1304112,Kolkata Knight Riders,2,208,8,84.8
1304074,Punjab Kings,1,151,10,40.6
1359522,Gujarat Titans,2,119,1,66.4
1359531,Mumbai Indians,1,218,5,105.8
1082625,Mumbai Indians,2,164,12,38.4
1473446,Mumbai Indians,2,160,6,66.0
1426283,Gujarat Titans,1,200,3,105.0
1473441,Lucknow Super Giants,1,209,8,85.4
548352,Deccan Chargers,2,150,5,65.0
548344,Royal Challengers Bangalore,2,143,6,55.8
548324,Royal Challengers Bangalore,2,136,10,31.6
598001,Rajasthan Royals,1,165,7,64.0
1136606,Chennai Super Kings,2,180,2,98.0
1082604,Kolkata Knight Riders,1,172,6,73.2
1178408,Sunrisers Hyderabad,2,137,4,62.2
1178402,Mumbai Indians,1,187,5,87.2
1304075,Chennai Super Kings,1,169,5,76.4
1304080,Rajasthan Royals,1,222,2,123.2
1359535,Kolkata Knight Riders,2,147,4,68.2
1359501,Royal Challengers Bangalore,1,174,4,84.4
1304081,Kolkata Knight Riders,2,148,8,48.8
1136617,Sunrisers Hyderabad,1,139,7,48.4
1136564,Rajasthan Royals,1,125,9,30.0
1136613,Rajasthan Royals,1,164,5,73.4
1082597,Mumbai Indians,2,180,6,78.0
1082648,Sunrisers Hyderabad,1,128,7,41.8
1473467,Chennai Super Kings,2,168,5,75.8
1426273,Delhi Capitals,2,199,10,69.4
598071,Rajasthan Royals,2,135,6,51.0
548313,Pune Warriors,1,166,6,69.6
419122,Mumbai Indians,2,156,3,78.6
419141,Rajasthan Royals,1,159,10,45.4
501222,Kolkata Knight Riders,1,171,5,77.6
1136573,Delhi Daredevils,2,129,10,27.4
1178396,Rajasthan Royals,1,139,3,68.4
1136620,Chennai Super Kings,2,181,2,98.6
1304088,Punjab Kings,2,133,8,39.8
1304108,Gujarat Titans,2,137,3,67.2
1304113,Gujarat Titans,1,168,5,75.8
1304113,Royal Challengers Bangalore,2,170,2,92.0
1359535,Chennai Super Kings,1,144,6,56.4
1304107,Kolkata Knight Riders,1,177,6,76.2
1304068,Royal Challengers Bangalore,2,193,9,70.8
1359500,Lucknow Super Giants,1,154,7,57.4
1304073,Royal Challengers Bangalore,1,189,5,88.4
1178426,Mumbai Indians,2,9,0,5.4
1175370,Chennai Super Kings,2,133,8,39.8
1136580,Chennai Super Kings,1,182,3,94.2
1473506,Mumbai Indians,1,184,7,75.4
1422125,Chennai Super Kings,1,206,6,93.6
1422125,Gujarat Titans,2,143,8,45.8
419134,Delhi Daredevils,1,188,6,82.8
419159,Chennai Super Kings,2,195,4,97.0
501260,Kings XI Punjab,1,232,2,129.2
1082646,Delhi Daredevils,2,151,10,40.6
1175369,Royal Challengers Bangalore,1,158,4,74.8
1082636,Royal Challengers Bangalore,1,158,6,64.8
1359520,Mumbai Indians,2,216,4,109.6
1304051,Sunrisers Hyderabad,2,149,7,54.4
1359544,Gujarat Titans,2,198,4,98.8
1359489,Lucknow Super Giants,2,213,9,82.8
1359514,Delhi Capitals,2,188,6,82.8
1359526,Sunrisers Hyderabad,2,217,6,100.2
1136572,Kings XI Punjab,1,197,7,83.2
1178424,Royal Challengers Bangalore,1,62,7,2.2
1178427,Kings XI Punjab,1,183,6,79.8
1136567,Mumbai Indians,1,147,8,48.2
1473478,Mumbai Indians,2,146,3,72.6
1426268,Royal Challengers Bengaluru,2,262,7,122.2
1426296,Punjab Kings,2,181,10,58.6
1426263,Royal Challengers Bengaluru,1,196,8,77.6
1473441,Delhi Capitals,2,211,9,81.6
419160,Deccan Chargers,1,145,7,52.0
548375,Kolkata Knight Riders,1,136,4,61.6
598062,Chennai Super Kings,1,168,4,80.8
419108,Delhi Daredevils,2,146,5,62.6
1178396,Kolkata Knight Riders,2,140,2,74.0
1178428,Rajasthan Royals,1,115,9,24.0
1136585,Kings XI Punjab,2,119,10,21.4
1082612,Mumbai Indians,2,199,2,109.4
1359540,Rajasthan Royals,2,189,6,83.4
1304054,Punjab Kings,1,137,10,32.2
1359500,Rajasthan Royals,2,144,6,56.4
1359497,Gujarat Titans,1,177,7,71.2
1304065,Delhi Capitals,1,215,5,104.0
1304096,Sunrisers Hyderabad,2,186,8,71.6
1359523,Mumbai Indians,1,139,8,43.4
1359490,Delhi Capitals,1,172,10,53.2
1359521,Sunrisers Hyderabad,2,166,8,59.6
1175372,Royal Challengers Bangalore,1,205,3,108.0
1136582,Kings XI Punjab,1,143,8,45.8
1082599,Delhi Daredevils,1,205,4,103.0
1178429,Royal Challengers Bangalore,2,178,6,76.8
1175368,Kings XI Punjab,1,166,9,54.6
1426291,Punjab Kings,2,139,9,38.4
1426312,Sunrisers Hyderabad,1,113,10,17.8
1426264,Lucknow Super Giants,1,167,7,65.2
1426264,Delhi Capitals,2,170,4,82.0
1473484,Rajasthan Royals,2,212,2,117.2
1473509,Gujarat Titans,2,208,6,94.8
1136602,Sunrisers Hyderabad,2,191,1,109.6
1082595,Delhi Daredevils,2,142,9,40.2
1082620,Kolkata Knight Riders,2,184,3,95.4
1473503,Royal Challengers Bengaluru,2,189,10,63.4
1422126,Sunrisers Hyderabad,1,277,3,151.2
1359507,Chennai Super Kings,1,235,4,121.0
1359509,Mumbai Indians,2,152,9,46.2
1359519,Lucknow Super Giants,1,125,7,40.0
1312198,Royal Challengers Bangalore,1,207,4,104.2
1359490,Mumbai Indians,2,173,4,83.8
1370350,Chennai Super Kings,1,172,7,68.2
1136616,Chennai Super Kings,2,159,5,70.4
1473476,Kolkata Knight Riders,2,159,8,55.4
1473451,Royal Challengers Bengaluru,1,169,8,61.4
1485779,Punjab Kings,1,206,8,83.6
1473484,Gujarat Titans,1,209,4,105.4
1473464,Punjab Kings,1,245,6,117.0
1082635,Delhi Daredevils,2,66,10,-10.4
1136569,Delhi Daredevils,2,195,3,102.0
1082640,Gujarat Lions,1,195,5,92.0
1136612,Chennai Super Kings,2,128,6,46.8
1082591,Royal Challengers Bangalore,2,172,10,53.2
1473459,Chennai Super Kings,2,201,5,95.6
1473485,Kolkata Knight Riders,1,204,9,77.4
1473502,Gujarat Titans,2,202,9,76.2
1422126,Mumbai Indians,2,246,5,122.6
1359542,Kolkata Knight Riders,2,175,7,70.0
1359527,Kolkata Knight Riders,2,182,5,84.2
1359498,Royal Challengers Bangalore,2,218,8,90.8
1312199,Royal Challengers Bangalore,1,157,8,54.2
1304059,Royal Challengers Bangalore,2,173,6,73.8
1312198,Lucknow Super Giants,2,193,6,85.8
1359480,Lucknow Super Giants,2,205,7,88.0
1359510,Kolkata Knight Riders,1,200,5,95.0
1304105,Chennai Super Kings,1,97,10,8.2
1304105,Mumbai Indians,2,103,5,36.8
1082616,Gujarat Lions,2,162,7,62.2
1426291,Chennai Super Kings,1,167,9,55.2
1473473,Lucknow Super Giants,1,180,5,83.0
1473501,Delhi Capitals,2,121,10,22.6
1473465,Rajasthan Royals,1,173,4,83.8
1473465,Royal Challengers Bengaluru,2,175,1,100.0
1473439,Sunrisers Hyderabad,1,286,6,141.6
1473439,Rajasthan Royals,2,242,6,115.2
1136602,Delhi Daredevils,1,187,5,87.2
1136608,Kings XI Punjab,1,88,10,2.8
1082640,Delhi Daredevils,2,197,8,78.2
1136612,Delhi Daredevils,1,162,5,72.2
1136590,Chennai Super Kings,1,211,4,106.6
1359485,Delhi Capitals,2,142,9,40.2
1359533,Delhi Capitals,2,136,8,41.6
1359498,Chennai Super Kings,1,226,6,105.6
1359478,Sunrisers Hyderabad,2,131,8,38.6
1304079,Mumbai Indians,1,155,7,58.0
1304059,Rajasthan Royals,1,169,3,86.4
1359529,Delhi Capitals,2,140,8,44.0
1082611,Delhi Daredevils,2,176,5,80.6
1136603,Chennai Super Kings,1,176,4,85.6
1082602,Mumbai Indians,2,145,6,57.0
1082646,Royal Challengers Bangalore,1,161,6,66.6
1426292,Lucknow Super Giants,2,137,10,32.2
1485779,Delhi Capitals,2,208,4,104.8
1422120,Punjab Kings,2,177,6,76.2
1473460,Gujarat Titans,1,217,6,100.2
1136610,Kings XI Punjab,2,183,5,84.8
1082593,Gujarat Lions,1,183,4,89.8
1082593,Kolkata Knight Riders,2,184,0,110.4
1082631,Kolkata Knight Riders,1,155,8,53.0
1426271,Punjab Kings,2,183,10,59.8
1359485,Rajasthan Royals,1,199,4,99.4
1359533,Punjab Kings,1,167,7,65.2
1359484,Lucknow Super Giants,2,127,5,51.2
1312200,Rajasthan Royals,1,130,9,33.0
1304106,Royal Challengers Bangalore,2,155,9,48.0
1359504,Gujarat Titans,1,135,6,51.0
1304066,Lucknow Super Giants,2,162,8,57.2
1359478,Rajasthan Royals,1,203,5,96.8
1359539,Sunrisers Hyderabad,1,186,5,86.6
1359539,Royal Challengers Bangalore,2,187,2,102.2
1304072,Mumbai Indians,2,181,9,63.6
1304104,Delhi Capitals,2,161,2,86.6
1359505,Punjab Kings,1,214,8,88.4
1359494,Delhi Capitals,2,151,9,45.6
1082598,Kings XI Punjab,2,150,2,80.0
1136592,Rajasthan Royals,2,146,5,62.6
1178429,Sunrisers Hyderabad,1,175,7,70.0
1473471,Punjab Kings,2,98,5,33.8
1136579,Delhi Daredevils,1,174,5,79.4
1082622,Kolkata Knight Riders,2,161,3,81.6
1082595,Royal Challengers Bangalore,1,157,8,54.2
1178409,Mumbai Indians,1,168,5,75.8
1136576,Sunrisers Hyderabad,2,178,5,81.8
1082631,Rising Pune Supergiant,2,158,6,64.8
1426310,Rajasthan Royals,2,174,6,74.4
1426266,Kolkata Knight Riders,2,162,2,87.2
1304091,Lucknow Super Giants,1,195,3,102.0
1304093,Rajasthan Royals,1,152,5,66.2
1312199,Rajasthan Royals,2,161,3,81.6
1304062,Punjab Kings,1,189,9,68.4
1359521,Kolkata Knight Riders,1,171,9,57.6
1136581,Mumbai Indians,1,167,7,65.2
1136614,Kolkata Knight Riders,2,173,5,78.8
1082616,Kings XI Punjab,1,188,7,77.8
1426265,Punjab Kings,1,147,8,48.2
1473442,Punjab Kings,1,243,5,120.8
1473448,Chennai Super Kings,2,176,6,75.6
1473509,Mumbai Indians,1,228,5,111.8
1136593,Chennai Super Kings,1,177,5,81.2
1175359,Kings XI Punjab,1,184,4,90.4
1178397,Sunrisers Hyderabad,1,150,4,70.0
1178409,Delhi Capitals,2,128,9,31.8
1473505,Sunrisers Hyderabad,1,278,3,151.8
1473488,Gujarat Titans,1,224,6,104.4
1426298,Mumbai Indians,2,139,8,43.4
1312200,Gujarat Titans,2,133,3,64.8
1304053,Chennai Super Kings,1,210,7,91.0
1304064,Mumbai Indians,1,151,6,60.6
1304104,Rajasthan Royals,1,160,6,66.0
1359529,Chennai Super Kings,1,167,8,60.2
1359494,Royal Challengers Bangalore,1,174,6,74.4
1175356,Chennai Super Kings,2,71,3,27.6
1136582,Delhi Daredevils,2,139,8,43.4
1082600,Sunrisers Hyderabad,1,158,8,54.8
1082599,Rising Pune Supergiant,2,108,10,14.8
1473490,Kolkata Knight Riders,1,206,4,103.6
1473501,Mumbai Indians,1,180,5,83.0
1473471,Royal Challengers Bengaluru,1,95,9,12.0
1473448,Rajasthan Royals,1,182,9,64.2
1136589,Royal Challengers Bangalore,1,175,4,85.0
1426260,Kolkata Knight Riders,1,137,9,37.2
1426298,Kolkata Knight Riders,1,157,7,59.2
1426303,Rajasthan Royals,1,144,9,41.4
1473511,Punjab Kings,2,184,7,75.4
1426279,Sunrisers Hyderabad,2,171,8,62.6
1426274,Kolkata Knight Riders,1,222,6,103.2
1304064,Royal Challengers Bangalore,2,152,3,76.2
1304058,Lucknow Super Giants,1,169,7,66.4
1304085,Royal Challengers Bangalore,2,115,10,19.0
1359510,Royal Challengers Bangalore,2,179,8,67.4
1304062,Gujarat Titans,2,190,4,94.0
1359505,Mumbai Indians,2,201,6,90.6
1359537,Lucknow Super Giants,1,177,4,86.2
1175372,Kolkata Knight Riders,2,206,5,98.6
1082598,Royal Challengers Bangalore,1,148,4,68.8
1136575,Rajasthan Royals,1,160,8,56.0
1136603,Rajasthan Royals,2,177,6,76.2
1178423,Kings XI Punjab,2,167,8,60.2
1136619,Sunrisers Hyderabad,1,174,7,69.4
1426312,Kolkata Knight Riders,2,114,2,58.4
1473449,Kolkata Knight Riders,1,116,10,19.6
1426284,Chennai Super Kings,1,212,3,112.2
1426284,Sunrisers Hyderabad,2,134,10,30.4
1082622,Delhi Daredevils,1,160,6,66.0
1082620,Rising Pune Supergiant,1,182,5,84.2
1136590,Delhi Daredevils,2,198,5,93.8
1426260,Chennai Super Kings,2,141,3,69.6
1426279,Royal Challengers Bengaluru,1,206,7,88.6
1422127,Delhi Capitals,2,173,5,78.8
1359542,Lucknow Super Giants,1,176,8,65.6
1359484,Sunrisers Hyderabad,1,121,8,32.6
1304093,Kolkata Knight Riders,2,158,3,79.8
1304085,Rajasthan Royals,1,144,8,46.4
1136581,Rajasthan Royals,2,168,7,65.8
1136616,Kings XI Punjab,1,153,10,41.8
1136575,Kolkata Knight Riders,2,163,3,82.8
1082602,Royal Challengers Bangalore,1,142,5,60.2
1178405,Delhi Capitals,1,155,7,58.0
1136566,Rajasthan Royals,1,153,5,66.8
1136619,Kolkata Knight Riders,2,160,9,51.0
1426300,Delhi Capitals,2,140,10,34.0
1426280,Punjab Kings,2,262,2,147.2
1473443,Kolkata Knight Riders,2,153,2,81.8
1082642,Rising Pune Supergiant,2,161,7,61.6
1136569,Mumbai Indians,1,194,7,81.4
1175362,Royal Challengers Bangalore,2,181,5,83.6
1426310,Royal Challengers Bengaluru,1,172,8,63.2
1473486,Chennai Super Kings,1,190,10,64.0
1473486,Punjab Kings,2,194,6,86.4
1473450,Punjab Kings,2,177,2,96.2
1426266,Lucknow Super Giants,1,161,7,61.6
1359517,Lucknow Super Giants,2,108,10,14.8
1359507,Kolkata Knight Riders,2,186,8,71.6
1359483,Royal Challengers Bangalore,2,123,10,23.8
1359518,Gujarat Titans,2,125,6,45.0
1359499,Sunrisers Hyderabad,2,178,10,56.8
1359509,Gujarat Titans,1,207,6,94.2
1359482,Punjab Kings,1,197,5,93.2
1304057,Chennai Super Kings,2,126,10,25.6
1082605,Kings XI Punjab,2,137,9,37.2
1175356,Royal Challengers Bangalore,1,70,10,-8.0
1136614,Sunrisers Hyderabad,1,172,9,58.2
1178423,Sunrisers Hyderabad,1,212,6,97.2
1136608,Royal Challengers Bangalore,2,92,0,55.2
1082635,Mumbai Indians,1,212,3,112.2
1136610,Mumbai Indians,1,186,8,71.6
1304106,Punjab Kings,1,209,9,80.4
1359504,Lucknow Super Giants,2,128,7,41.8
1359516,Mumbai Indians,2,214,4,108.4
1082611,Sunrisers Hyderabad,1,191,4,94.6
1473443,Rajasthan Royals,1,151,9,45.6
1082642,Delhi Daredevils,1,168,8,60.8
1136579,Royal Challengers Bangalore,2,176,4,85.6
1082601,Kolkata Knight Riders,2,171,2,92.6
1178413,Kolkata Knight Riders,1,159,8,55.4
1426276,Rajasthan Royals,2,183,1,104.8
1304100,Sunrisers Hyderabad,2,125,10,25.0
1304053,Lucknow Super Giants,2,211,4,106.6
1304050,Gujarat Titans,2,161,5,71.6
1359516,Rajasthan Royals,1,212,7,92.2
1136605,Delhi Daredevils,1,181,4,88.6
1136592,Delhi Daredevils,1,196,6,87.6
1473449,Mumbai Indians,2,121,2,62.6
1473460,Rajasthan Royals,2,159,10,45.4
1426280,Kolkata Knight Riders,1,261,6,126.6
1136589,Kolkata Knight Riders,2,176,5,80.6
1178403,Kings XI Punjab,1,173,4,83.8
1178403,Royal Challengers Bangalore,2,174,2,94.4
1178397,Kings XI Punjab,2,151,4,70.6
1473505,Kolkata Knight Riders,2,168,10,50.8
1473488,Sunrisers Hyderabad,2,186,6,81.6
1473459,Punjab Kings,1,219,6,101.4
1426303,Punjab Kings,2,145,5,62.0
1473503,Sunrisers Hyderabad,1,231,6,108.6
1473440,Mumbai Indians,1,155,9,48.0
1473482,Lucknow Super Giants,2,161,10,46.6
1473462,Kolkata Knight Riders,2,107,2,54.2
1473479,Rajasthan Royals,2,194,9,71.4
1359527,Punjab Kings,1,179,7,72.4
1359480,Chennai Super Kings,1,217,7,95.2
1304063,Chennai Super Kings,1,154,7,57.4
1359537,Mumbai Indians,2,172,5,78.2
1136605,Royal Challengers Bangalore,2,187,5,87.2
1082605,Delhi Daredevils,1,188,6,82.8
1136565,Chennai Super Kings,2,205,5,98.0
1426292,Kolkata Knight Riders,1,235,6,111.0
1422120,Delhi Capitals,1,174,9,59.4
1426300,Royal Challengers Bengaluru,1,187,9,67.2
1473464,Sunrisers Hyderabad,2,247,2,138.2
1473442,Gujarat Titans,2,232,5,114.2
1175362,Mumbai Indians,1,187,8,72.2
1426276,Mumbai Indians,1,179,9,62.4
1473450,Lucknow Super Giants,1,171,7,67.6
1304100,Royal Challengers Bangalore,1,192,3,100.2
1359499,Mumbai Indians,1,192,5,90.2
1359488,Sunrisers Hyderabad,2,145,2,77.0
1178395,Royal Challengers Bangalore,1,149,8,49.4
1178418,Kolkata Knight Riders,1,175,6,75.0
1178418,Rajasthan Royals,2,177,7,71.2
1082600,Mumbai Indians,2,159,6,65.4
1136566,Delhi Daredevils,2,60,4,16.0
1136596,Sunrisers Hyderabad,2,164,3,83.4
1473476,Gujarat Titans,1,198,3,103.8
1473452,Sunrisers Hyderabad,2,120,10,22.0
1178413,Sunrisers Hyderabad,2,161,1,91.6
1082591,Sunrisers Hyderabad,1,207,4,104.2
1473511,Royal Challengers Bengaluru,1,190,9,69.0
1473502,Lucknow Super Giants,1,235,2,131.0
1473440,Chennai Super Kings,2,158,6,64.8
1473462,Chennai Super Kings,1,103,9,16.8
1359483,Kolkata Knight Riders,1,204,7,87.4
1359518,Delhi Capitals,1,130,8,38.0
1304050,Lucknow Super Giants,1,158,6,64.8
1304079,Chennai Super Kings,2,156,7,58.6
1359482,Rajasthan Royals,2,192,7,80.2
1304057,Punjab Kings,1,180,8,68.0
1370350,Gujarat Titans,2,157,10,44.2
1178395,Delhi Capitals,2,152,6,61.2
1175368,Delhi Capitals,2,152,10,41.2
1136596,Delhi Daredevils,1,163,5,72.8
1426265,Rajasthan Royals,2,152,7,56.2
1082609,Sunrisers Hyderabad,1,159,6,65.4
1136593,Kolkata Knight Riders,2,180,4,88.0
1082601,Kings XI Punjab,1,170,9,57.0
1136576,Kings XI Punjab,1,193,3,100.8
1082638,Mumbai Indians,1,138,7,47.8
1082638,Sunrisers Hyderabad,2,140,3,69.0
1473485,Delhi Capitals,2,190,9,69.0
1473472,Delhi Capitals,1,203,8,81.8
1473472,Gujarat Titans,2,204,3,107.4
1422127,Rajasthan Royals,1,185,5,86.0
1359517,Royal Challengers Bangalore,1,126,9,30.6
1304091,Delhi Capitals,2,189,7,78.4
1304058,Sunrisers Hyderabad,2,157,9,49.2
1304066,Rajasthan Royals,1,165,6,69.0
1304072,Lucknow Super Giants,1,199,4,99.4
1304063,Sunrisers Hyderabad,2,155,2,83.0
1304049,Royal Challengers Bangalore,1,205,2,113.0
1304049,Punjab Kings,2,208,5,99.8
1359488,Punjab Kings,1,143,9,40.8
1136565,Kolkata Knight Riders,1,202,6,91.2
1178405,Sunrisers Hyderabad,2,116,10,19.6
1473490,Rajasthan Royals,2,205,8,83.0
1473473,Rajasthan Royals,2,178,5,81.8
1473451,Gujarat Titans,2,170,2,92.0
1473452,Kolkata Knight Riders,1,200,6,90.0
1082609,Kings XI Punjab,2,154,10,42.4
1175359,Rajasthan Royals,2,170,9,57.0
1426271,Mumbai Indians,1,192,7,80.2
1473482,Mumbai Indians,1,215,7,94.0
1473479,Royal Challengers Bengaluru,1,205,5,98.0
1426274,Royal Challengers Bengaluru,2,221,10,82.6
1359534,Royal Challengers Bangalore,1,171,5,77.6
1359534,Rajasthan Royals,2,59,10,-14.6
980929,Sunrisers Hyderabad,2,137,0,82.2
980943,Rising Pune Supergiants,2,94,3,41.4
1216505,Royal Challengers Bangalore,1,152,7,56.2
1254090,Punjab Kings,2,158,6,64.8
392236,Deccan Chargers,2,158,6,64.8
335982,Royal Challengers Bangalore,2,82,10,-0.8
1216512,Kolkata Knight Riders,2,3,0,1.8
1254059,Delhi Capitals,2,190,3,99.0
1216513,Kings XI Punjab,1,178,4,86.8
1216507,Rajasthan Royals,2,163,5,72.8
1422132,Mumbai Indians,1,125,9,30.0
1422132,Rajasthan Royals,2,127,4,56.2
829769,Mumbai Indians,1,187,5,87.2
980935,Kings XI Punjab,1,143,6,55.8
980915,Sunrisers Hyderabad,1,142,7,50.2
829791,Kings XI Punjab,1,183,5,84.8
829765,Chennai Super Kings,1,134,6,50.4
980943,Sunrisers Hyderabad,1,118,8,30.8
1254112,Mumbai Indians,1,129,8,37.4
1216504,Kolkata Knight Riders,1,174,6,74.4
1254109,Sunrisers Hyderabad,1,115,8,29.0
1216531,Royal Challengers Bangalore,1,171,6,72.6
1216517,Mumbai Indians,1,176,6,75.6
392194,Delhi Daredevils,2,150,4,70.0
1254059,Chennai Super Kings,1,188,7,77.8
1254079,Royal Challengers Bangalore,1,171,5,77.6
1422119,Chennai Super Kings,2,176,4,85.6
1426311,Sunrisers Hyderabad,1,175,9,60.0
1473480,Sunrisers Hyderabad,2,155,5,68.0
980909,Mumbai Indians,2,188,4,92.8
980923,Sunrisers Hyderabad,2,145,3,72.0
981009,Sunrisers Hyderabad,2,149,8,49.4
980927,Royal Challengers Bangalore,1,170,7,67.0
829789,Chennai Super Kings,1,158,5,69.8
829819,Royal Challengers Bangalore,1,180,4,88.0
829747,Mumbai Indians,2,153,9,46.8
829771,Kolkata Knight Riders,1,111,4,46.6
829771,Royal Challengers Bangalore,2,115,3,54.0
980973,Sunrisers Hyderabad,1,177,3,91.2
980933,Mumbai Indians,2,154,7,57.4
980905,Gujarat Lions,2,162,5,72.2
980977,Royal Challengers Bangalore,1,175,6,75.0
980921,Delhi Daredevils,2,192,3,100.2
1254106,Rajasthan Royals,2,85,10,1.0
1254090,Royal Challengers Bangalore,1,164,7,63.4
1216538,Sunrisers Hyderabad,2,174,7,69.4
1216539,Chennai Super Kings,2,131,7,43.6
392182,Rajasthan Royals,2,58,10,-15.2
336028,Mumbai Indians,2,188,10,62.8
1216543,Rajasthan Royals,2,148,8,48.8
1254104,Mumbai Indians,2,136,8,41.6
1216533,Rajasthan Royals,2,126,3,60.6
1254114,Chennai Super Kings,2,173,6,73.8
1254093,Mumbai Indians,2,94,2,46.4
1216496,Chennai Super Kings,2,200,6,90.0
1426293,Sunrisers Hyderabad,1,173,8,63.8
1426289,Mumbai Indians,2,145,10,37.0
829719,Royal Challengers Bangalore,1,166,10,49.6
981019,Royal Challengers Bangalore,2,200,7,85.0
829711,Sunrisers Hyderabad,2,164,6,68.4
829817,Chennai Super Kings,2,162,10,47.2
829813,Delhi Daredevils,1,187,5,87.2
980975,Kolkata Knight Riders,1,158,4,74.8
1254112,Delhi Capitals,2,132,6,49.2
1254098,Chennai Super Kings,2,172,8,63.2
1254106,Kolkata Knight Riders,1,171,4,82.6
1216539,Delhi Capitals,1,175,3,90.0
335982,Kolkata Knight Riders,1,222,3,118.2
336000,Kolkata Knight Riders,2,151,10,40.6
392213,Royal Challengers Bangalore,1,105,10,13.0
336009,Delhi Daredevils,1,187,5,87.2
336009,Chennai Super Kings,2,188,6,82.8
336014,Deccan Chargers,2,181,7,73.6
1254089,Rajasthan Royals,2,190,3,99.0
1216511,Mumbai Indians,1,193,4,95.8
1426269,Rajasthan Royals,2,224,8,94.4
829815,Mumbai Indians,2,114,1,63.4
980915,Kolkata Knight Riders,2,146,2,77.6
980955,Kings XI Punjab,1,154,10,42.4
1216497,Delhi Capitals,2,135,9,36.0
1216499,Mumbai Indians,2,166,5,74.6
1254109,Kolkata Knight Riders,2,119,4,51.4
1254111,Rajasthan Royals,1,185,10,61.0
392182,Royal Challengers Bangalore,1,133,8,39.8
392218,Royal Challengers Bangalore,2,141,7,49.6
335999,Kings XI Punjab,2,167,3,85.2
1254083,Punjab Kings,1,179,5,82.4
1254084,Mumbai Indians,2,219,6,101.4
1426277,Chennai Super Kings,1,210,4,106.0
1473454,Delhi Capitals,1,183,6,79.8
1473454,Chennai Super Kings,2,158,5,69.8
1473444,Lucknow Super Giants,2,193,5,90.8
1473480,Chennai Super Kings,1,154,10,42.4
981019,Sunrisers Hyderabad,1,208,7,89.8
829777,Delhi Daredevils,2,175,7,70.0
829711,Chennai Super Kings,1,209,4,105.4
980969,Rising Pune Supergiants,1,191,6,84.6
829765,Kolkata Knight Riders,2,132,9,34.2
1216497,Kolkata Knight Riders,1,194,6,86.4
1254058,Royal Challengers Bangalore,2,160,8,56.0
1254092,Delhi Capitals,1,127,9,31.2
1254092,Kolkata Knight Riders,2,130,7,43.0
336010,Kolkata Knight Riders,1,129,7,42.4
1254061,Punjab Kings,1,221,6,102.6
1254089,Chennai Super Kings,1,189,4,93.4
1473498,Gujarat Titans,2,205,0,123.0
1422119,Royal Challengers Bengaluru,1,173,6,73.8
1422122,Rajasthan Royals,1,193,4,95.8
1473447,Sunrisers Hyderabad,1,163,10,47.8
829761,Delhi Daredevils,2,158,6,64.8
980935,Sunrisers Hyderabad,2,146,5,62.6
829775,Kings XI Punjab,2,149,7,54.4
980921,Royal Challengers Bangalore,1,191,5,89.6
981011,Delhi Daredevils,1,138,8,42.8
981011,Royal Challengers Bangalore,2,139,4,63.4
980919,Rising Pune Supergiants,1,152,7,56.2
1254096,Mumbai Indians,1,155,6,63.0
1216535,Mumbai Indians,2,111,1,61.6
1216499,Royal Challengers Bangalore,1,164,6,68.4
1254094,Punjab Kings,2,139,4,63.4
1216517,Mumbai Indians,2,16,2,-0.4
392191,Kings XI Punjab,2,173,3,88.8
336014,Kolkata Knight Riders,1,204,4,102.4
336004,Delhi Daredevils,2,133,10,29.8
1216547,Mumbai Indians,2,208,6,94.8
1216513,Chennai Super Kings,2,181,0,108.6
1254114,Delhi Capitals,1,172,5,78.2
1473487,Mumbai Indians,1,217,2,120.2
1422130,Sunrisers Hyderabad,1,162,8,57.2
980927,Mumbai Indians,2,171,4,82.6
980955,Gujarat Lions,2,131,9,33.6
980901,Rising Pune Supergiants,2,126,1,70.6
829791,Kolkata Knight Riders,2,184,9,65.4
829751,Mumbai Indians,1,157,8,54.2
829783,Mumbai Indians,2,153,5,66.8
1216515,Delhi Capitals,1,228,4,116.8
1254071,Sunrisers Hyderabad,2,121,1,67.6
1216517,Kings XI Punjab,2,196,8,77.6
392211,Delhi Daredevils,2,157,1,89.2
335993,Chennai Super Kings,2,152,1,86.2
392208,Royal Challengers Bangalore,2,150,1,85.0
1216512,Kolkata Knight Riders,1,163,5,72.8
1216547,Royal Challengers Bangalore,2,11,0,6.6
1216492,Chennai Super Kings,2,166,5,74.6
1422134,Kolkata Knight Riders,1,272,7,128.2
1422130,Gujarat Titans,2,168,3,85.8
1426278,Delhi Capitals,1,224,4,114.4
980917,Mumbai Indians,1,143,8,45.8
829749,Royal Challengers Bangalore,2,134,1,75.4
980919,Kings XI Punjab,2,153,4,71.8
980939,Kolkata Knight Riders,2,162,8,57.2
1254096,Kolkata Knight Riders,2,159,3,80.4
1254058,Mumbai Indians,1,159,9,50.4
335992,Rajasthan Royals,2,138,3,67.8
335989,Chennai Super Kings,1,208,5,99.8
1216547,Royal Challengers Bangalore,1,201,3,105.6
1216500,Delhi Capitals,1,184,8,70.4
1216500,Rajasthan Royals,2,138,10,32.8
1254084,Chennai Super Kings,1,218,4,110.8
1426277,Lucknow Super Giants,2,213,4,107.8
1473447,Delhi Capitals,2,166,3,84.6
829749,Rajasthan Royals,1,130,9,33.0
980983,Sunrisers Hyderabad,1,146,8,47.6
829783,Delhi Daredevils,1,152,6,61.2
392211,Kolkata Knight Riders,1,154,3,77.4
335989,Mumbai Indians,2,202,7,86.2
1254104,Chennai Super Kings,1,156,7,58.6
1216502,Royal Challengers Bangalore,1,120,7,37.0
1216533,Chennai Super Kings,1,125,5,50.0
1422134,Delhi Capitals,2,166,10,49.6
1473507,Royal Challengers Bengaluru,2,230,4,118.0
1426272,Chennai Super Kings,1,176,6,75.6
980977,Kings XI Punjab,2,174,4,84.4
336023,Royal Challengers Bangalore,2,132,9,34.2
336013,Kings XI Punjab,2,163,9,52.8
392201,Delhi Daredevils,2,150,4,70.0
392213,Rajasthan Royals,2,107,3,49.2
392185,Royal Challengers Bangalore,2,87,10,2.2
392208,Mumbai Indians,1,149,4,69.4
1216502,Sunrisers Hyderabad,2,121,5,47.6
1216496,Rajasthan Royals,1,216,7,94.6
1473492,Delhi Capitals,1,133,7,44.8
1422135,Punjab Kings,2,200,7,85.0
1473498,Delhi Capitals,1,199,3,104.4
1426289,Kolkata Knight Riders,1,169,10,51.4
1473507,Lucknow Super Giants,1,227,3,121.2
1473487,Rajasthan Royals,2,117,10,20.2
980953,Sunrisers Hyderabad,1,194,5,91.4
829817,Mumbai Indians,1,187,6,82.2
980929,Gujarat Lions,1,135,8,41.0
1254097,Rajasthan Royals,2,121,6,42.6
1254072,Chennai Super Kings,1,220,3,117.0
1216504,Rajasthan Royals,2,137,9,37.2
336023,Rajasthan Royals,1,197,1,113.2
392201,Deccan Chargers,1,148,9,43.8
392218,Mumbai Indians,1,157,2,84.2
392191,Royal Challengers Bangalore,1,168,9,55.8
1216543,Delhi Capitals,1,161,7,61.6
1216511,Rajasthan Royals,2,136,10,31.6
1422135,Gujarat Titans,1,199,4,99.4
1473500,Chennai Super Kings,1,187,8,72.2
1473500,Rajasthan Royals,2,188,4,92.8
829779,Chennai Super Kings,1,148,9,43.8
980953,Royal Challengers Bangalore,2,179,6,77.4
980965,Rising Pune Supergiants,2,166,3,84.6
829747,Delhi Daredevils,1,190,4,94.0
829775,Mumbai Indians,1,172,3,88.2
980905,Kings XI Punjab,1,161,6,66.6
829751,Sunrisers Hyderabad,2,137,8,42.2
980925,Kolkata Knight Riders,2,141,4,64.6
980975,Gujarat Lions,2,164,5,73.4
1254113,Royal Challengers Bangalore,1,156,6,63.6
1254111,Punjab Kings,2,183,4,89.8
1254099,Mumbai Indians,2,137,4,62.2
392194,Royal Challengers Bangalore,1,149,7,54.4
392236,Royal Challengers Bangalore,1,170,4,82.0
335999,Deccan Chargers,1,164,8,58.4
1254061,Rajasthan Royals,2,217,7,95.2
1216493,Kings XI Punjab,2,159,10,45.4
1237180,Delhi Capitals,1,189,3,98.4
1254083,Royal Challengers Bangalore,2,145,8,47.0
1422122,Lucknow Super Giants,2,173,6,73.8
1473463,Gujarat Titans,1,180,6,78.0
829761,Kolkata Knight Riders,1,171,7,67.6
980923,Mumbai Indians,1,142,6,55.2
981009,Kolkata Knight Riders,1,171,6,72.6
980965,Delhi Daredevils,1,162,7,62.2
980997,Rising Pune Supergiants,2,76,1,40.6
829777,Rajasthan Royals,1,189,2,103.4
980901,Mumbai Indians,1,121,8,32.6
829785,Royal Challengers Bangalore,1,226,3,120.6
829785,Kings XI Punjab,2,88,10,2.8
980973,Mumbai Indians,2,92,10,5.2
1254097,Delhi Capitals,1,154,6,62.4
1216515,Kolkata Knight Riders,2,210,8,86.0
1254071,Punjab Kings,1,120,10,22.0
1216538,Mumbai Indians,1,208,5,99.8
392216,Kings XI Punjab,2,169,7,66.4
335993,Kolkata Knight Riders,1,147,9,43.2
336010,Royal Challengers Bangalore,2,124,4,54.4
1254095,Sunrisers Hyderabad,1,141,7,49.6
1216492,Mumbai Indians,1,162,9,52.2
1426293,Mumbai Indians,2,174,3,89.4
1473463,Lucknow Super Giants,2,186,4,91.6
980909,Kolkata Knight Riders,1,187,5,87.2
829719,Sunrisers Hyderabad,2,172,2,93.2
829815,Sunrisers Hyderabad,1,113,10,17.8
829819,Rajasthan Royals,2,109,10,15.4
980969,Royal Challengers Bangalore,2,195,3,102.0
980983,Delhi Daredevils,2,150,3,75.0
980947,Kolkata Knight Riders,1,174,5,79.4
980947,Mumbai Indians,2,178,4,86.8
1254098,Kolkata Knight Riders,1,171,6,72.6
1254072,Kolkata Knight Riders,2,202,10,71.2
1254094,Chennai Super Kings,1,134,6,50.4
1216531,Kings XI Punjab,2,177,2,96.2
335992,Royal Challengers Bangalore,1,135,8,41.0
392216,Deccan Chargers,1,168,5,75.8
1216493,Delhi Capitals,1,157,8,54.2
1216493,Delhi Capitals,2,3,0,1.8
1237180,Sunrisers Hyderabad,2,172,8,63.2
1254095,Royal Challengers Bangalore,2,137,6,52.2
1254093,Rajasthan Royals,1,90,9,9.0
1254079,Delhi Capitals,2,170,4,82.0
1426311,Rajasthan Royals,2,139,7,48.4
1473444,Sunrisers Hyderabad,1,190,9,69.0
829769,Rajasthan Royals,2,179,7,72.4
829779,Royal Challengers Bangalore,2,124,10,24.4
980917,Gujarat Lions,2,147,7,53.2
829789,Mumbai Indians,2,159,4,75.4
980997,Delhi Daredevils,1,121,6,42.6
980933,Delhi Daredevils,1,164,4,78.4
829813,Royal Challengers Bangalore,2,2,0,1.2
980925,Kings XI Punjab,1,138,8,42.8
980939,Rising Pune Supergiants,1,160,5,71.0
1216535,Delhi Capitals,1,110,9,21.0
1216505,Delhi Capitals,2,154,4,72.4
1254113,Chennai Super Kings,2,157,4,74.2
1254099,Punjab Kings,1,135,6,51.0
336013,Chennai Super Kings,1,181,4,88.6
336028,Kings XI Punjab,1,189,4,93.4
336000,Rajasthan Royals,1,196,7,82.6
392185,Chennai Super Kings,1,179,5,82.4
336004,Mumbai Indians,1,162,8,57.2
1216512,Sunrisers Hyderabad,2,165,8,59.0
1216507,Sunrisers Hyderabad,1,158,4,74.8
1426269,Kolkata Knight Riders,1,223,6,103.8
1426278,Gujarat Titans,2,220,8,92.0
1426272,Lucknow Super Giants,2,180,2,98.0
1473475,Mumbai Indians,2,177,1,101.2
1426306,Royal Challengers Bengaluru,1,218,5,105.8
1426306,Chennai Super Kings,2,191,7,79.6
1473458,Mumbai Indians,2,209,9,80.4
1426285,Kolkata Knight Riders,2,157,3,79.2
1422123,Gujarat Titans,1,168,6,70.8
1254068,Punjab Kings,1,195,4,97.0
1237177,Delhi Capitals,2,143,8,45.8
336038,Rajasthan Royals,1,192,9,70.2
336011,Deccan Chargers,1,140,8,44.0
392199,Royal Challengers Bangalore,2,143,5,60.8
392209,Chennai Super Kings,1,178,3,91.8
1359486,Chennai Super Kings,2,159,3,80.4
1359476,Kolkata Knight Riders,2,146,7,52.6
1304110,Delhi Capitals,1,159,7,60.4
1304114,Chennai Super Kings,1,150,6,60.0
1359495,Punjab Kings,2,161,8,56.6
392189,Chennai Super Kings,2,180,9,63.0
392200,Kings XI Punjab,1,119,8,31.4
335984,Delhi Daredevils,2,132,1,74.2
1426286,Mumbai Indians,1,144,7,51.4
1216521,Chennai Super Kings,1,114,9,23.4
1216529,Delhi Capitals,1,162,4,77.2
1254085,Sunrisers Hyderabad,2,165,8,59.0
392230,Delhi Daredevils,1,150,3,75.0
335983,Kings XI Punjab,2,207,4,104.2
1304055,Mumbai Indians,2,170,8,62.0
1359541,Delhi Capitals,2,146,9,42.6
1359511,Rajasthan Royals,1,202,5,96.2
335995,Kings XI Punjab,2,162,6,67.2
1473453,Lucknow Super Giants,1,203,8,81.8
1426290,Gujarat Titans,1,147,10,38.2
1473489,Chennai Super Kings,2,211,5,101.6
1422123,Mumbai Indians,2,162,9,52.2
1254060,Kolkata Knight Riders,1,187,6,82.2
1254085,Rajasthan Royals,1,220,3,117.0
392221,Kolkata Knight Riders,1,173,4,83.8
336021,Mumbai Indians,2,68,2,30.8
392224,Royal Challengers Bangalore,2,132,8,39.2
392238,Chennai Super Kings,1,146,5,62.6
1359486,Mumbai Indians,1,157,8,54.2
1370353,Chennai Super Kings,2,171,5,77.6
1359524,Delhi Capitals,2,187,3,97.2
336036,Mumbai Indians,1,145,7,52.0
336007,Chennai Super Kings,1,144,7,51.4
392190,Rajasthan Royals,1,150,6,60.0
335996,Royal Challengers Bangalore,2,165,10,49.0
336020,Deccan Chargers,2,182,9,64.2
392197,Kolkata Knight Riders,2,95,9,12.0
335984,Rajasthan Royals,1,129,8,37.4
1426275,Gujarat Titans,2,146,7,52.6
392231,Kolkata Knight Riders,2,189,3,98.4
392196,Deccan Chargers,2,169,4,81.4
335983,Chennai Super Kings,1,240,5,119.0
336037,Deccan Chargers,1,147,8,48.2
392214,Kings XI Punjab,2,174,3,89.4
392184,Deccan Chargers,2,104,2,52.4
1359532,Sunrisers Hyderabad,1,182,6,79.2
1304095,Chennai Super Kings,2,160,8,56.0
336018,Chennai Super Kings,1,156,6,63.6
336031,Kings XI Punjab,2,178,4,86.8
335996,Chennai Super Kings,1,178,5,81.8
336015,Rajasthan Royals,2,159,7,60.4
1473493,Mumbai Indians,1,155,8,53.0
1473458,Royal Challengers Bengaluru,1,221,5,107.6
1473481,Kolkata Knight Riders,2,7,0,4.2
1216530,Rajasthan Royals,2,131,9,33.6
392196,Chennai Super Kings,1,165,6,69.0
336029,Royal Challengers Bangalore,1,126,8,35.6
392225,Mumbai Indians,2,143,10,35.8
336019,Kings XI Punjab,1,221,3,117.6
336016,Kings XI Punjab,2,144,1,81.4
1359511,Chennai Super Kings,2,170,6,72.0
336018,Mumbai Indians,2,158,1,89.8
336007,Deccan Chargers,2,148,3,73.8
392189,Delhi Daredevils,1,189,5,88.4
336015,Delhi Daredevils,1,156,7,58.6
392197,Mumbai Indians,1,187,6,82.2
1426286,Lucknow Super Giants,2,145,6,57.0
1473470,Mumbai Indians,2,166,6,69.6
1473474,Royal Challengers Bengaluru,2,159,3,80.4
1473494,Chennai Super Kings,2,183,8,69.8
1254108,Royal Challengers Bangalore,1,165,6,69.0
1254074,Punjab Kings,2,132,1,74.2
1216528,Chennai Super Kings,1,167,6,70.2
1237177,Mumbai Indians,1,200,5,95.0
392186,Kings XI Punjab,1,158,6,64.8
392209,Deccan Chargers,2,100,10,10.0
392232,Delhi Daredevils,1,134,7,45.4
392183,Delhi Daredevils,2,58,0,34.8
1359475,Gujarat Titans,2,182,5,84.2
1304095,Royal Challengers Bangalore,1,173,8,63.8
1473453,Mumbai Indians,2,191,5,89.6
1473489,Royal Challengers Bengaluru,1,213,5,102.8
1422133,Lucknow Super Giants,1,181,5,83.6
1422136,Chennai Super Kings,1,165,5,74.0
1254086,Delhi Capitals,2,167,3,85.2
1254103,Rajasthan Royals,1,149,9,44.4
1254103,Royal Challengers Bangalore,2,153,3,76.8
392195,Rajasthan Royals,2,112,7,32.2
392239,Deccan Chargers,1,143,6,55.8
336029,Chennai Super Kings,2,112,8,27.2
336021,Kolkata Knight Riders,1,67,10,-9.8
392233,Kolkata Knight Riders,2,102,6,31.2
1304048,Delhi Capitals,2,179,6,77.4
1473475,Chennai Super Kings,1,176,5,80.6
1473508,Royal Challengers Bengaluru,2,106,2,53.6
1254060,Sunrisers Hyderabad,2,177,5,81.2
1216534,Royal Challengers Bangalore,1,163,5,72.8
392203,Kolkata Knight Riders,2,139,6,53.4
392204,Kings XI Punjab,2,137,7,47.2
392199,Kolkata Knight Riders,1,139,6,53.4
392235,Mumbai Indians,1,165,8,59.0
392232,Royal Challengers Bangalore,2,135,3,66.0
1359532,Lucknow Super Giants,2,185,3,96.0
392190,Rajasthan Royals,2,18,0,10.8
392200,Mumbai Indians,2,116,7,34.6
336008,Mumbai Indians,2,104,3,47.4
1422133,Royal Challengers Bengaluru,2,153,10,41.8
1473494,Kolkata Knight Riders,1,179,6,77.4
1254075,Kolkata Knight Riders,1,133,9,34.8
336001,Delhi Daredevils,2,172,2,93.2
392231,Chennai Super Kings,1,188,3,97.8
392229,Kings XI Punjab,1,134,7,45.4
392203,Mumbai Indians,1,148,6,58.8
336022,Kings XI Punjab,2,94,3,41.4
392226,Delhi Daredevils,1,120,9,27.0
335987,Kings XI Punjab,1,166,8,59.6
392238,Royal Challengers Bangalore,2,149,4,69.4
392225,Rajasthan Royals,1,145,7,52.0
1304098,Punjab Kings,1,189,5,88.4
1359487,Kolkata Knight Riders,2,207,7,89.2
1359503,Sunrisers Hyderabad,1,134,7,45.4
1359524,Royal Challengers Bangalore,1,181,4,88.6
392212,Deccan Chargers,1,145,6,57.0
336031,Deccan Chargers,1,175,4,85.0
336020,Delhi Daredevils,1,194,4,96.4
336039,Chennai Super Kings,2,116,1,64.6
336033,Rajasthan Royals,1,211,5,101.6
1426305,Mumbai Indians,2,196,6,87.6
1216521,Mumbai Indians,2,116,0,69.6
1216527,Kings XI Punjab,1,223,2,123.8
392221,Royal Challengers Bangalore,2,176,4,85.6
392229,Deccan Chargers,2,133,8,39.8
336022,Delhi Daredevils,1,118,4,50.8
392204,Royal Challengers Bangalore,1,145,9,42.0
392202,Rajasthan Royals,2,126,9,30.6
336012,Mumbai Indians,2,126,1,70.6
335987,Rajasthan Royals,2,168,4,80.8
392217,Chennai Super Kings,2,141,3,69.6
336035,Kolkata Knight Riders,2,175,7,70.0
336034,Royal Challengers Bangalore,1,156,8,53.6
392207,Kings XI Punjab,2,154,4,72.4
1359476,Punjab Kings,1,191,5,89.6
1304110,Punjab Kings,2,142,9,40.2
1359491,Rajasthan Royals,1,175,8,65.0
1473493,Gujarat Titans,2,147,7,53.2
1426297,Gujarat Titans,1,231,3,123.6
1426285,Delhi Capitals,1,153,9,46.8
1426305,Lucknow Super Giants,1,214,6,98.4
1216530,Kolkata Knight Riders,1,191,7,79.6
336012,Royal Challengers Bangalore,1,122,9,28.2
335990,Deccan Chargers,1,214,5,103.4
392233,Rajasthan Royals,1,101,9,15.6
336035,Kings XI Punjab,1,174,6,74.4
392207,Kolkata Knight Riders,1,153,3,76.8
336036,Rajasthan Royals,2,146,5,62.6
392181,Mumbai Indians,1,165,7,64.0
336008,Rajasthan Royals,1,103,10,11.8
1473466,Mumbai Indians,1,205,5,98.0
1254075,Rajasthan Royals,2,134,4,60.4
1216529,Mumbai Indians,2,166,5,74.6
1216506,Kings XI Punjab,1,153,6,61.8
1216503,Mumbai Indians,1,191,4,94.6
336003,Kolkata Knight Riders,2,169,6,71.4
335985,Royal Challengers Bangalore,2,166,5,74.6
392183,Kings XI Punjab,1,104,7,27.4
1359541,Chennai Super Kings,1,223,3,118.8
1304114,Rajasthan Royals,2,151,5,65.6
1370351,Lucknow Super Giants,2,101,10,10.6
1359491,Chennai Super Kings,2,172,6,73.2
1359487,Gujarat Titans,1,204,4,102.4
1359475,Chennai Super Kings,1,178,7,71.8
392190,Kolkata Knight Riders,2,165,9,54.0
1473474,Punjab Kings,1,157,6,64.2
1473508,Punjab Kings,1,101,10,10.6
1216544,Chennai Super Kings,2,150,2,80.0
1216528,Sunrisers Hyderabad,2,147,8,48.2
1216506,Chennai Super Kings,2,154,1,87.4
336038,Delhi Daredevils,2,87,10,2.2
392195,Kings XI Punjab,1,139,6,53.4
336011,Rajasthan Royals,2,141,2,74.6
336003,Kings XI Punjab,1,178,6,76.8
392226,Kings XI Punjab,2,123,4,53.8
335985,Mumbai Indians,1,165,7,64.0
392224,Chennai Super Kings,1,129,10,27.4
336034,Deccan Chargers,2,153,6,61.8
1304055,Rajasthan Royals,1,193,8,75.8
1359503,Chennai Super Kings,2,138,3,67.8
335995,Delhi Daredevils,1,158,8,54.8
392181,Chennai Super Kings,2,146,7,52.6
392227,Mumbai Indians,1,147,5,63.2
1473495,Punjab Kings,1,122,1,68.2
1426297,Chennai Super Kings,2,196,8,77.6
1254108,Mumbai Indians,2,111,10,16.6
1254074,Mumbai Indians,1,131,6,48.6
1254086,Punjab Kings,1,166,6,69.6
1216527,Rajasthan Royals,2,226,6,105.6
1216524,Delhi Capitals,2,131,10,28.6
1216503,Kings XI Punjab,2,143,8,45.8
392239,Royal Challengers Bangalore,2,137,9,37.2
392186,Kolkata Knight Riders,2,79,1,42.4
335990,Rajasthan Royals,2,217,7,95.2
336019,Rajasthan Royals,2,180,7,73.0
336037,Chennai Super Kings,2,148,3,73.8
336016,Royal Challengers Bangalore,1,143,8,45.8
392214,Chennai Super Kings,1,185,3,96.0
1304048,Mumbai Indians,1,177,5,81.2
392227,Chennai Super Kings,2,151,3,75.6
1473466,Delhi Capitals,2,193,10,65.8
1426275,Punjab Kings,1,142,10,35.2
1473499,Lucknow Super Giants,1,205,7,88.0
1216510,Kings XI Punjab,1,206,3,108.6
1216544,Royal Challengers Bangalore,1,145,6,57.0
1216545,Sunrisers Hyderabad,1,142,4,65.2
1216545,Kolkata Knight Riders,2,145,3,72.0
1216522,Royal Challengers Bangalore,2,179,3,92.4
336001,Chennai Super Kings,1,169,6,71.4
392217,Rajasthan Royals,1,140,7,49.0
1370351,Mumbai Indians,1,182,8,69.2
1359495,Lucknow Super Giants,1,159,8,55.4
1370353,Gujarat Titans,1,214,4,108.4
392212,Mumbai Indians,2,126,8,35.6
336033,Chennai Super Kings,2,201,7,85.6
1426290,Royal Challengers Bengaluru,2,152,6,61.2
1473470,Sunrisers Hyderabad,1,162,5,72.2
1473481,Punjab Kings,1,201,4,100.6
1473499,Sunrisers Hyderabad,2,206,5,98.6
1422136,Sunrisers Hyderabad,2,166,4,79.6
1216510,Royal Challengers Bangalore,2,109,10,15.4
1254068,Delhi Capitals,2,198,4,98.8
1216522,Rajasthan Royals,1,177,6,76.2
1216524,Sunrisers Hyderabad,1,219,2,121.4
1216534,Sunrisers Hyderabad,2,153,10,41.8
392202,Chennai Super Kings,1,164,5,73.4
392230,Rajasthan Royals,2,136,9,36.6
392235,Delhi Daredevils,2,166,6,69.6
392184,Kolkata Knight Riders,1,101,10,10.6
1304098,Rajasthan Royals,2,190,4,94.0
336039,Kings XI Punjab,1,112,8,27.2
1304086,Sunrisers Hyderabad,1,195,6,87.0
829741,Rajasthan Royals,1,191,6,84.6
980999,Kings XI Punjab,2,120,9,27.0
829767,Delhi Daredevils,2,119,1,66.4
1136598,Rajasthan Royals,1,152,9,46.2
1082603,Rising Pune Supergiant,1,171,8,62.6
1178410,Royal Challengers Bangalore,1,213,4,107.8
1175371,Sunrisers Hyderabad,2,131,5,53.6
336005,Chennai Super Kings,1,109,10,15.4
336002,Royal Challengers Bangalore,2,171,5,77.6
392192,Deccan Chargers,1,168,9,55.8
392220,Rajasthan Royals,2,113,10,17.8
829753,Kings XI Punjab,2,95,9,12.0
829707,Delhi Daredevils,2,149,9,44.4
981005,Kings XI Punjab,1,172,7,68.2
981005,Rising Pune Supergiants,2,173,6,73.8
734049,Kings XI Punjab,1,199,4,99.4
734021,Sunrisers Hyderabad,2,161,3,81.6
734009,Kolkata Knight Riders,2,142,4,65.2
1304060,Kolkata Knight Riders,2,162,5,72.2
980999,Royal Challengers Bangalore,1,211,3,111.6
980991,Kings XI Punjab,1,179,4,87.4
829739,Delhi Daredevils,1,146,8,47.6
1178419,Chennai Super Kings,2,109,10,15.4
1136598,Kings XI Punjab,2,155,4,73.0
1178410,Kolkata Knight Riders,2,203,5,96.8
392192,Mumbai Indians,2,156,7,58.6
336027,Rajasthan Royals,2,150,4,70.0
980961,Delhi Daredevils,2,150,2,80.0
829809,Kings XI Punjab,1,130,7,43.0
829787,Rajasthan Royals,2,194,7,81.4
829735,Rajasthan Royals,2,157,2,84.2
829725,Delhi Daredevils,2,169,5,76.4
829799,Sunrisers Hyderabad,1,185,5,86.0
829799,Kings XI Punjab,2,180,7,73.0
729291,Kings XI Punjab,2,193,3,100.8
733987,Chennai Super Kings,2,187,6,82.2
729287,Royal Challengers Bangalore,2,116,3,54.6
1359479,Royal Challengers Bangalore,2,172,2,93.2
1304084,Chennai Super Kings,2,176,6,75.6
1359530,Kolkata Knight Riders,1,149,8,49.4
1304101,Chennai Super Kings,1,208,6,94.8
980957,Mumbai Indians,2,161,2,86.6
1082641,Mumbai Indians,2,223,6,103.8
1181768,Chennai Super Kings,2,148,7,53.8
829709,Rajasthan Royals,1,162,7,62.2
829805,Kolkata Knight Riders,2,166,7,64.6
980913,Kings XI Punjab,1,111,9,21.6
980937,Royal Challengers Bangalore,1,180,2,98.0
980903,Kolkata Knight Riders,2,99,1,54.4
829795,Mumbai Indians,2,196,7,82.6
733985,Delhi Daredevils,1,160,5,71.0
1304069,Punjab Kings,1,198,5,93.8
1304071,Sunrisers Hyderabad,2,176,3,90.6
1304101,Delhi Capitals,2,117,10,20.2
1359477,Delhi Capitals,2,143,9,40.8
829741,Kings XI Punjab,2,206,8,83.6
829717,Kings XI Punjab,1,177,5,81.2
981017,Sunrisers Hyderabad,2,163,6,67.8
1178419,Mumbai Indians,1,155,4,73.0
1136591,Mumbai Indians,2,153,7,56.8
336027,Kolkata Knight Riders,1,147,8,48.2
980993,Delhi Daredevils,2,126,10,25.6
829723,Kolkata Knight Riders,2,169,3,86.4
829787,Sunrisers Hyderabad,1,201,4,100.6
829811,Kolkata Knight Riders,2,190,9,69.0
734021,Royal Challengers Bangalore,1,160,6,66.0
1304078,Punjab Kings,1,115,10,19.0
829741,Rajasthan Royals,2,6,2,-6.4
829823,Mumbai Indians,1,202,5,96.2
1178417,Kings XI Punjab,2,185,7,76.0
1136591,Royal Challengers Bangalore,1,167,7,65.2
1136568,Kings XI Punjab,1,155,10,43.0
392215,Mumbai Indians,1,116,10,19.6
336006,Royal Challengers Bangalore,1,126,10,25.6
392188,Royal Challengers Bangalore,2,160,8,56.0
336024,Deccan Chargers,2,153,7,56.8
980913,Delhi Daredevils,2,113,2,57.8
829811,Rajasthan Royals,1,199,6,89.4
829735,Chennai Super Kings,1,156,4,73.6
729295,Kings XI Punjab,1,193,6,85.8
729313,Royal Challengers Bangalore,1,124,8,34.4
1304111,Sunrisers Hyderabad,1,193,6,85.8
1312197,Rajasthan Royals,1,188,6,82.8
829721,Rajasthan Royals,2,165,3,84.0
829731,Sunrisers Hyderabad,2,163,8,57.8
829745,Royal Challengers Bangalore,2,154,8,52.4
1082617,Kolkata Knight Riders,1,131,10,28.6
1181768,Mumbai Indians,1,149,8,49.4
1082603,Gujarat Lions,2,172,3,88.2
336002,Deccan Chargers,1,165,10,49.0
829805,Mumbai Indians,1,171,4,82.6
829757,Delhi Daredevils,1,95,10,7.0
981015,Kolkata Knight Riders,2,140,8,44.0
829715,Delhi Daredevils,1,184,3,95.4
733975,Delhi Daredevils,1,152,5,66.2
733987,Kings XI Punjab,1,231,4,118.6
1304071,Kolkata Knight Riders,1,175,8,65.0
1359492,Punjab Kings,1,153,8,51.8
829797,Rajasthan Royals,2,145,9,42.0
980957,Rising Pune Supergiants,1,159,5,70.4
829739,Kolkata Knight Riders,2,147,4,68.2
981001,Kolkata Knight Riders,1,124,8,34.4
1082645,Kings XI Punjab,1,73,10,-6.2
1136594,Mumbai Indians,2,176,4,85.6
1082628,Mumbai Indians,2,165,6,69.0
335986,Kolkata Knight Riders,2,112,5,42.2
980995,Kolkata Knight Riders,1,183,5,84.8
829757,Royal Challengers Bangalore,2,99,0,59.4
829729,Chennai Super Kings,2,189,4,93.4
733981,Delhi Daredevils,1,178,5,81.8
729289,Delhi Daredevils,2,167,6,70.2
734009,Mumbai Indians,1,141,5,59.6
729295,Sunrisers Hyderabad,2,121,10,22.6
1359528,Royal Challengers Bangalore,1,199,6,89.4
1359536,Sunrisers Hyderabad,2,154,9,47.4
1312197,Gujarat Titans,2,191,3,99.6
981001,Gujarat Lions,2,125,4,55.0
1082647,Mumbai Indians,2,142,9,40.2
1082627,Sunrisers Hyderabad,1,209,3,110.4
335994,Deccan Chargers,2,155,0,93.0
829709,Kings XI Punjab,2,136,8,41.6
829801,Chennai Super Kings,1,119,6,41.4
980951,Delhi Daredevils,1,186,8,71.6
734005,Delhi Daredevils,2,170,7,67.0
733975,Rajasthan Royals,2,156,3,78.6
729283,Chennai Super Kings,1,205,4,103.0
729287,Mumbai Indians,1,115,9,24.0
1359530,Rajasthan Royals,2,151,1,85.6
829727,Sunrisers Hyderabad,1,127,5,51.2
829767,Kings XI Punjab,1,118,8,30.8
1136594,Kings XI Punjab,1,174,6,74.4
335986,Deccan Chargers,1,110,10,16.0
336006,Kings XI Punjab,2,127,4,56.2
392188,Deccan Chargers,1,184,6,80.4
336024,Mumbai Indians,1,178,7,71.8
980963,Kolkata Knight Riders,1,164,3,83.4
829781,Sunrisers Hyderabad,2,132,9,34.2
980951,Kolkata Knight Riders,2,159,10,45.4
980989,Kolkata Knight Riders,2,66,2,29.6
729293,Chennai Super Kings,1,177,7,71.2
729293,Delhi Daredevils,2,84,9,5.4
733999,Royal Challengers Bangalore,1,190,5,89.0
1359479,Mumbai Indians,1,171,7,67.6
1304077,Lucknow Super Giants,2,163,8,57.8
1304092,Chennai Super Kings,1,202,2,111.2
829721,Mumbai Indians,1,164,6,68.4
829803,Royal Challengers Bangalore,2,84,6,20.4
829745,Chennai Super Kings,1,181,8,68.6
981017,Gujarat Lions,1,162,7,62.2
1082647,Rising Pune Supergiant,1,162,4,77.2
1082628,Royal Challengers Bangalore,1,162,8,57.2
336032,Mumbai Indians,1,176,8,65.6
980993,Mumbai Indians,1,206,4,103.6
980907,Royal Challengers Bangalore,1,227,4,116.2
829781,Kolkata Knight Riders,1,167,7,65.2
980989,Rising Pune Supergiants,1,103,6,31.8
829729,Mumbai Indians,1,183,7,74.8
980911,Rising Pune Supergiants,1,163,5,72.8
734005,Royal Challengers Bangalore,1,186,4,91.6
729291,Rajasthan Royals,1,191,5,89.6
734049,Kolkata Knight Riders,2,200,7,85.0
733985,Kolkata Knight Riders,2,161,2,86.6
1304077,Royal Challengers Bangalore,1,181,6,78.6
1304082,Sunrisers Hyderabad,2,72,1,38.2
1304111,Mumbai Indians,2,190,7,79.0
1359477,Lucknow Super Giants,1,193,6,85.8
980959,Kolkata Knight Riders,2,189,5,88.4
829823,Chennai Super Kings,2,161,8,56.6
980979,Sunrisers Hyderabad,1,137,8,42.2
1136562,Delhi Daredevils,1,166,7,64.6
1136562,Kings XI Punjab,2,167,4,80.2
1136568,Royal Challengers Bangalore,2,159,6,65.4
336025,Kolkata Knight Riders,1,149,5,64.4
335997,Mumbai Indians,2,138,3,67.8
336005,Rajasthan Royals,2,110,2,56.0
980971,Delhi Daredevils,2,172,5,78.2
980961,Gujarat Lions,1,149,7,54.4
980907,Sunrisers Hyderabad,2,182,6,79.2
980937,Gujarat Lions,2,182,4,89.2
980945,Gujarat Lions,1,172,6,73.2
829807,Royal Challengers Bangalore,2,83,4,29.8
829733,Kings XI Punjab,1,155,9,48.0
829733,Kolkata Knight Riders,2,159,6,65.4
829743,Kolkata Knight Riders,2,101,4,40.6
980985,Kings XI Punjab,2,127,3,61.2
1304086,Gujarat Titans,2,199,5,94.4
1359536,Gujarat Titans,1,188,9,67.8
1304084,Punjab Kings,1,187,4,92.2
829793,Sunrisers Hyderabad,1,163,4,77.8
829793,Delhi Daredevils,2,157,4,74.2
829717,Mumbai Indians,2,159,7,60.4
1082645,Rising Pune Supergiant,2,78,1,41.8
1178417,Royal Challengers Bangalore,1,202,4,101.2
392219,Kolkata Knight Riders,1,123,8,33.8
392219,Delhi Daredevils,2,125,3,60.0
335994,Mumbai Indians,1,154,7,57.4
392206,Chennai Super Kings,1,163,10,47.8
392206,Delhi Daredevils,2,145,8,47.0
980963,Kings XI Punjab,2,157,9,49.2
829707,Chennai Super Kings,1,150,7,55.0
829715,Rajasthan Royals,2,186,7,76.6
829763,Royal Challengers Bangalore,1,200,7,85.0
980911,Gujarat Lions,2,164,3,83.4
734011,Rajasthan Royals,1,201,6,90.6
729283,Kings XI Punjab,2,206,4,103.6
729313,Kings XI Punjab,2,127,5,51.2
1359528,Mumbai Indians,2,200,4,100.0
1304092,Sunrisers Hyderabad,2,189,6,83.4
1304078,Delhi Capitals,2,119,1,66.4
829803,Kings XI Punjab,1,106,6,33.6
829797,Chennai Super Kings,1,157,5,69.2
829727,Rajasthan Royals,2,131,4,58.6
980979,Rising Pune Supergiants,2,133,8,39.8
1082641,Kings XI Punjab,1,230,3,123.0
1082627,Kolkata Knight Riders,2,161,7,61.6
335997,Kolkata Knight Riders,1,137,8,42.2
392220,Deccan Chargers,1,166,7,64.6
980995,Royal Challengers Bangalore,2,186,1,106.6
829795,Royal Challengers Bangalore,1,235,1,136.0
1304061,Lucknow Super Giants,2,155,4,73.0
1359492,Gujarat Titans,2,154,4,72.4
829731,Delhi Daredevils,1,167,4,80.2
1136563,Royal Challengers Bangalore,1,176,7,70.6
1175371,Delhi Capitals,1,129,8,37.4
392215,Delhi Daredevils,2,118,3,55.8
980903,Delhi Daredevils,1,98,10,8.8
980945,Delhi Daredevils,2,171,5,77.6
829801,Delhi Daredevils,2,120,4,52.0
829743,Sunrisers Hyderabad,1,176,4,85.6
734039,Kings XI Punjab,2,119,3,56.4
734011,Delhi Daredevils,2,139,9,38.4
733999,Rajasthan Royals,2,191,5,89.6
729289,Kolkata Knight Riders,1,166,5,74.6
1304082,Royal Challengers Bangalore,1,68,10,-9.2
1304060,Mumbai Indians,1,161,4,76.6
980991,Sunrisers Hyderabad,2,180,3,93.0
1082617,Royal Challengers Bangalore,2,49,10,-20.6
335998,Delhi Daredevils,1,191,5,89.6
392222,Kings XI Punjab,1,119,9,26.4
392222,Mumbai Indians,2,122,2,63.2
981015,Sunrisers Hyderabad,1,162,8,57.2
980985,Mumbai Indians,1,124,9,29.4
829725,Kings XI Punjab,1,165,7,64.0
734039,Delhi Daredevils,1,115,10,19.0
733981,Chennai Super Kings,2,181,2,98.6
1304069,Mumbai Indians,2,186,9,66.6
1304061,Delhi Capitals,1,149,3,74.4
980959,Royal Challengers Bangalore,1,185,7,76.0
1136563,Kolkata Knight Riders,2,177,6,76.2
336025,Chennai Super Kings,2,55,0,33.0
335998,Royal Challengers Bangalore,2,181,5,83.6
336032,Delhi Daredevils,2,179,5,82.4
980971,Kings XI Punjab,1,181,5,83.6
829753,Chennai Super Kings,1,192,3,100.2
829809,Chennai Super Kings,2,134,3,65.4
829807,Sunrisers Hyderabad,1,135,3,66.0
829723,Chennai Super Kings,1,165,9,54.0
1254069,Chennai Super Kings,1,188,9,67.8
1254065,Punjab Kings,1,106,8,23.6
1216536,Chennai Super Kings,2,178,4,86.8
1216519,Delhi Capitals,1,196,4,97.6
1254077,Delhi Capitals,1,159,4,75.4
1426302,Lucknow Super Giants,2,189,9,68.4
1422129,Lucknow Super Giants,1,199,8,79.4
1422139,Gujarat Titans,2,130,10,28.0
980949,Rising Pune Supergiants,1,195,3,102.0
829759,Kings XI Punjab,2,130,9,33.0
733983,Mumbai Indians,1,187,5,87.2
734045,Chennai Super Kings,2,176,3,90.6
729307,Kings XI Punjab,1,132,9,34.2
336026,Royal Challengers Bangalore,1,154,7,57.4
1216501,Chennai Super Kings,2,157,5,69.2
1254064,Rajasthan Royals,2,150,7,55.0
1237181,Mumbai Indians,2,157,5,69.2
1473497,Rajasthan Royals,2,209,7,90.4
1473457,Sunrisers Hyderabad,1,152,8,51.2
733977,Royal Challengers Bangalore,2,158,6,64.8
734041,Rajasthan Royals,1,189,4,93.4
734035,Chennai Super Kings,2,160,2,86.0
733995,Chennai Super Kings,2,160,6,66.0
1216542,Kings XI Punjab,2,132,10,29.2
1254088,Sunrisers Hyderabad,2,193,8,75.8
1254081,Mumbai Indians,2,172,3,88.2
1254063,Sunrisers Hyderabad,2,143,9,40.8
1254070,Delhi Capitals,2,138,4,62.8
1216519,Royal Challengers Bangalore,2,137,9,37.2
1426287,Chennai Super Kings,1,162,7,62.2
1426270,Gujarat Titans,1,89,10,3.4
1426262,Gujarat Titans,2,199,7,84.4
1473469,Delhi Capitals,2,13,0,7.8
1473477,Lucknow Super Giants,1,159,6,65.4
981003,Delhi Daredevils,2,161,4,76.6
729317,Mumbai Indians,2,157,7,59.2
733973,Kings XI Punjab,1,168,5,75.8
335988,Delhi Daredevils,2,143,1,80.8
392228,Kolkata Knight Riders,1,160,5,71.0
1216540,Kolkata Knight Riders,2,112,9,22.2
1254105,Sunrisers Hyderabad,1,134,9,35.4
1216542,Sunrisers Hyderabad,1,201,6,90.6
1216532,Delhi Capitals,2,147,7,53.2
1216514,Rajasthan Royals,1,154,6,62.4
1254087,Kolkata Knight Riders,2,94,1,51.4
1254107,Sunrisers Hyderabad,2,120,7,37.0
1426295,Sunrisers Hyderabad,2,167,0,100.2
1473497,Punjab Kings,1,219,5,106.4
1426299,Chennai Super Kings,2,145,5,62.0
1473469,Delhi Capitals,1,188,5,87.8
829713,Kolkata Knight Riders,1,177,6,76.2
980981,Royal Challengers Bangalore,1,151,4,70.6
829821,Royal Challengers Bangalore,1,139,8,43.4
734037,Kolkata Knight Riders,2,161,6,66.6
734023,Chennai Super Kings,1,154,4,72.4
392198,Rajasthan Royals,2,147,5,63.2
336040,Chennai Super Kings,1,163,5,72.8
1254062,Mumbai Indians,1,152,10,41.2
1254080,Sunrisers Hyderabad,1,171,3,87.6
1254067,Kolkata Knight Riders,2,166,8,59.6
1216495,Sunrisers Hyderabad,2,151,0,90.6
1426287,Punjab Kings,2,163,3,82.8
1426299,Rajasthan Royals,1,141,5,59.6
1473457,Gujarat Titans,2,153,3,76.8
980941,Kings XI Punjab,2,164,7,63.4
829705,Mumbai Indians,1,168,3,85.8
733997,Kings XI Punjab,1,149,8,49.4
733995,Mumbai Indians,1,157,6,64.2
392237,Delhi Daredevils,1,153,8,51.8
336017,Kolkata Knight Riders,1,133,6,49.8
1216540,Royal Challengers Bangalore,1,194,2,106.4
1254100,Sunrisers Hyderabad,2,167,3,85.2
1254064,Delhi Capitals,1,147,8,48.2
1216532,Sunrisers Hyderabad,1,162,4,77.2
1254069,Rajasthan Royals,2,143,9,40.8
1216546,Kings XI Punjab,2,167,5,75.2
1254082,Delhi Capitals,2,156,3,78.6
1254070,Mumbai Indians,1,137,9,37.2
1422131,Chennai Super Kings,2,171,6,72.6
733973,Mumbai Indians,2,170,5,77.0
335988,Deccan Chargers,1,142,8,45.2
1254076,Chennai Super Kings,1,191,4,94.6
1254117,Chennai Super Kings,1,192,3,100.2
1254066,Mumbai Indians,1,150,5,65.0
1254115,Royal Challengers Bangalore,1,138,7,47.8
1254062,Kolkata Knight Riders,2,142,7,50.2
1254116,Delhi Capitals,1,135,5,56.0
1216525,Royal Challengers Bangalore,1,169,4,81.4
1254101,Delhi Capitals,1,164,5,73.4
829821,Chennai Super Kings,2,140,7,49.0
981003,Sunrisers Hyderabad,1,158,7,59.8
981013,Gujarat Lions,1,158,10,44.8
980931,Rising Pune Supergiants,2,172,9,58.2
734017,Mumbai Indians,1,178,3,91.8
392198,Delhi Daredevils,1,143,7,50.8
1254080,Chennai Super Kings,2,173,3,88.8
1216514,Royal Challengers Bangalore,2,158,2,84.8
1426262,Rajasthan Royals,1,196,3,102.6
1473461,Delhi Capitals,2,169,4,81.4
1473445,Royal Challengers Bengaluru,1,196,7,82.6
980981,Mumbai Indians,2,153,4,71.8
980941,Mumbai Indians,1,189,6,83.4
980967,Sunrisers Hyderabad,2,129,5,52.4
829759,Sunrisers Hyderabad,1,150,6,60.0
335991,Mumbai Indians,2,116,9,24.6
392228,Deccan Chargers,2,166,4,79.6
1254076,Royal Challengers Bangalore,2,122,9,28.2
1254100,Rajasthan Royals,1,164,5,73.4
1254105,Delhi Capitals,2,139,2,73.4
1254078,Punjab Kings,1,123,9,28.8
1216508,Kolkata Knight Riders,2,146,9,42.6
1216536,Kolkata Knight Riders,1,172,5,78.2
1216537,Rajasthan Royals,2,186,3,96.6
1216495,Mumbai Indians,1,149,8,49.4
1422129,Punjab Kings,2,178,5,81.8
1426267,Mumbai Indians,2,186,6,81.6
1473469,Rajasthan Royals,2,199,7,84.4
981013,Royal Challengers Bangalore,2,159,6,65.4
734035,Royal Challengers Bangalore,1,154,6,62.4
392210,Kings XI Punjab,2,133,8,39.8
392237,Deccan Chargers,2,154,4,72.4
1216501,Kolkata Knight Riders,1,167,10,50.2
1254073,Royal Challengers Bangalore,2,181,0,108.6
1254116,Kolkata Knight Riders,2,136,7,46.6
1254088,Mumbai Indians,1,235,9,96.0
1216526,Kolkata Knight Riders,1,148,5,63.8
1254081,Rajasthan Royals,1,171,4,82.6
1216509,Delhi Capitals,2,185,5,86.0
1216516,Sunrisers Hyderabad,1,164,5,73.4
1254063,Royal Challengers Bangalore,1,149,8,49.4
1216498,Sunrisers Hyderabad,2,114,10,18.4
1254107,Punjab Kings,1,125,7,40.0
1426302,Delhi Capitals,1,208,4,104.8
1422131,Delhi Capitals,1,191,5,89.6
1426267,Chennai Super Kings,1,206,4,103.6
1473477,Delhi Capitals,2,161,2,86.6
1422139,Lucknow Super Giants,1,163,5,72.8
980987,Royal Challengers Bangalore,1,248,3,133.8
829737,Mumbai Indians,1,209,7,90.4
734041,Mumbai Indians,2,195,5,92.0
734023,Kolkata Knight Riders,2,156,2,83.6
1254117,Kolkata Knight Riders,2,165,9,54.0
1254066,Sunrisers Hyderabad,2,137,10,32.2
1254065,Chennai Super Kings,2,107,4,44.2
1254082,Kolkata Knight Riders,1,154,6,62.4
1216518,Sunrisers Hyderabad,2,156,2,83.6
1426295,Lucknow Super Giants,1,165,4,79.0
1473461,Royal Challengers Bengaluru,1,163,7,62.8
829713,Royal Challengers Bangalore,2,179,7,72.4
829773,Chennai Super Kings,2,170,6,72.0
733997,Kolkata Knight Riders,2,150,1,85.0
734025,Mumbai Indians,2,159,3,80.4
392205,Rajasthan Royals,2,142,7,50.2
335991,Kings XI Punjab,1,182,10,59.2
336026,Delhi Daredevils,2,158,5,69.8
1216523,Kolkata Knight Riders,1,164,6,68.4
1254091,Sunrisers Hyderabad,1,134,7,45.4
1254091,Chennai Super Kings,2,139,4,63.4
1216508,Mumbai Indians,1,195,5,92.0
1216494,Royal Challengers Bangalore,2,85,2,41.0
1237181,Delhi Capitals,1,156,7,58.6
1254102,Kolkata Knight Riders,1,165,7,64.0
1254110,Chennai Super Kings,1,136,5,56.6
981007,Gujarat Lions,2,173,4,83.8
733989,Sunrisers Hyderabad,1,134,9,35.4
733989,Rajasthan Royals,2,102,10,11.2
392210,Rajasthan Royals,1,211,4,106.6
336040,Rajasthan Royals,2,164,7,63.4
1237178,Sunrisers Hyderabad,2,132,4,59.2
1254115,Kolkata Knight Riders,2,139,6,53.4
1216546,Delhi Capitals,1,164,5,73.4
1254102,Punjab Kings,2,168,5,75.8
1216498,Kings XI Punjab,1,126,7,40.6
1216520,Kings XI Punjab,2,150,2,80.0
1254077,Delhi Capitals,2,8,0,4.8
980949,Gujarat Lions,2,196,7,82.6
829737,Royal Challengers Bangalore,2,191,7,79.6
981007,Mumbai Indians,1,172,8,63.2
733983,Royal Challengers Bangalore,2,168,8,60.8
734037,Sunrisers Hyderabad,1,160,7,61.0
729317,Sunrisers Hyderabad,1,172,5,78.2
392223,Deccan Chargers,2,161,10,46.6
392234,Chennai Super Kings,1,116,9,24.6
1216523,Kings XI Punjab,2,162,5,72.2
1254078,Kolkata Knight Riders,2,126,5,50.6
1216494,Kolkata Knight Riders,1,84,8,10.4
1254067,Royal Challengers Bangalore,1,204,4,102.4
1216509,Chennai Super Kings,1,179,4,87.4
1216518,Rajasthan Royals,1,154,6,62.4
1216541,Mumbai Indians,1,195,5,92.0
1216541,Rajasthan Royals,2,196,2,107.6
1426270,Delhi Capitals,2,92,4,35.2
1473445,Chennai Super Kings,2,146,8,47.6
829773,Sunrisers Hyderabad,1,192,7,80.2
733977,Sunrisers Hyderabad,1,155,6,63.0
734025,Kings XI Punjab,1,156,8,53.6
336017,Delhi Daredevils,2,110,10,16.0
1254073,Rajasthan Royals,1,177,9,61.2
1216525,Chennai Super Kings,2,132,8,39.2
1216516,Chennai Super Kings,2,157,5,69.2
1216520,Kolkata Knight Riders,1,149,9,44.4
1254110,Delhi Capitals,2,139,7,48.4
980931,Royal Challengers Bangalore,1,185,3,96.0
729307,Kolkata Knight Riders,2,109,10,15.4
392223,Delhi Daredevils,1,173,7,68.8
392234,Kings XI Punjab,2,92,8,15.2
1237178,Royal Challengers Bangalore,1,131,7,43.6
1216526,Mumbai Indians,2,149,2,79.4
1216537,Kings XI Punjab,1,185,4,91.0
1254087,Royal Challengers Bangalore,1,92,10,5.2
1254101,Royal Challengers Bangalore,2,166,3,84.6
1254077,Sunrisers Hyderabad,2,166,7,64.6
980987,Gujarat Lions,2,104,10,12.4
980967,Gujarat Lions,1,126,6,45.6
829705,Kolkata Knight Riders,2,170,3,87.0
734017,Rajasthan Royals,2,153,8,51.8
734045,Mumbai Indians,1,173,8,63.8
392205,Deccan Chargers,1,141,5,59.6
729281,Royal Challengers Bangalore,2,146,2,77.6
734029,Sunrisers Hyderabad,2,189,4,93.4
734015,Kolkata Knight Riders,2,146,3,72.6
729303,Chennai Super Kings,2,142,3,70.2
734047,Kings XI Punjab,1,226,6,105.6
733993,Delhi Daredevils,1,143,7,50.8
734027,Kolkata Knight Riders,1,195,4,97.0
734003,Rajasthan Royals,1,148,8,48.8
729301,Sunrisers Hyderabad,1,184,1,105.4
729301,Delhi Daredevils,2,180,4,88.0
733993,Sunrisers Hyderabad,2,44,2,16.4
729279,Kolkata Knight Riders,1,163,5,72.8
734043,Kolkata Knight Riders,1,163,8,57.8
729303,Mumbai Indians,1,141,7,49.6
733971,Kolkata Knight Riders,2,114,9,23.4
729281,Delhi Daredevils,1,145,4,67.0
729309,Mumbai Indians,1,125,7,40.0
729311,Sunrisers Hyderabad,1,145,5,62.0
729305,Rajasthan Royals,2,71,4,22.6
734047,Chennai Super Kings,2,202,7,86.2
734031,Mumbai Indians,1,173,10,53.8
734007,Kings XI Punjab,2,211,4,106.6
734033,Rajasthan Royals,2,163,8,57.8
733979,Rajasthan Royals,1,170,6,72.0
734013,Royal Challengers Bangalore,2,142,5,60.2
734029,Chennai Super Kings,1,185,3,96.0
729285,Rajasthan Royals,2,135,6,51.0
729305,Royal Challengers Bangalore,1,70,10,-8.0
734043,Kings XI Punjab,2,135,8,41.0
734013,Chennai Super Kings,1,138,4,62.8
729285,Sunrisers Hyderabad,1,133,6,49.8
729315,Kolkata Knight Riders,2,163,10,47.8
734007,Sunrisers Hyderabad,1,205,5,98.0
734003,Chennai Super Kings,2,149,5,64.4
729311,Chennai Super Kings,2,146,5,62.6
734031,Delhi Daredevils,2,158,4,74.8
734001,Sunrisers Hyderabad,1,157,3,79.2
733971,Chennai Super Kings,1,148,3,73.8
734027,Royal Challengers Bangalore,2,165,5,74.0
734033,Kings XI Punjab,1,179,4,87.4
729299,Royal Challengers Bangalore,2,148,5,63.8
734001,Mumbai Indians,2,160,3,81.0
733991,Royal Challengers Bangalore,2,166,9,54.6
734015,Sunrisers Hyderabad,1,142,8,45.2
733991,Kings XI Punjab,1,198,8,78.8
729297,Chennai Super Kings,1,140,6,54.0
729315,Rajasthan Royals,1,152,5,66.2
729297,Rajasthan Royals,2,133,10,29.8
729279,Mumbai Indians,2,122,7,38.2
729309,Delhi Daredevils,2,126,4,55.6
734019,Delhi Daredevils,1,164,7,63.4
733979,Kolkata Knight Riders,2,160,6,66.0
734019,Kings XI Punjab,2,165,6,69.0
729299,Kolkata Knight Riders,1,150,7,55.0
729315,Rajasthan Royals,2,11,0,6.6
